data_size,alphabet_size,num_blocks,num_threads,duration,used_shmem
1000000000,4,218,64,17509,1
1000000000,4,435,64,9256,1
1000000000,4,870,64,6016,1
1000000000,4,1740,64,6431,1
1000000000,4,3480,64,6436,1
1000000000,4,6960,64,5912,1
1000000000,4,13920,64,5760,1
1000000000,4,27840,64,5763,1
1000000000,4,55680,64,5755,1
1000000000,4,111360,64,5740,1
1000000000,4,222720,64,5849,1
1000000000,4,445440,64,5988,1
1000000000,4,890880,64,6301,1
1000000000,4,1781760,64,6933,1
1000000000,4,3563520,64,8203,1
1000000000,4,7127040,64,10861,1
1000000000,4,14254080,64,16135,1
1000000000,4,109,128,17771,1
1000000000,4,218,128,9435,1
1000000000,4,435,128,6101,1
1000000000,4,870,128,6430,1
1000000000,4,1740,128,6479,1
1000000000,4,3480,128,5949,1
1000000000,4,6960,128,5811,1
1000000000,4,13920,128,5798,1
1000000000,4,27840,128,5816,1
1000000000,4,55680,128,5836,1
1000000000,4,111360,128,5904,1
1000000000,4,222720,128,6062,1
1000000000,4,445440,128,6396,1
1000000000,4,890880,128,7140,1
1000000000,4,1781760,128,8716,1
1000000000,4,3563520,128,11694,1
1000000000,4,7127040,128,17671,1
1000000000,4,54,256,17871,1
1000000000,4,109,256,9537,1
1000000000,4,218,256,6556,1
1000000000,4,435,256,6420,1
1000000000,4,870,256,6485,1
1000000000,4,1740,256,5924,1
1000000000,4,3480,256,5850,1
1000000000,4,6960,256,5819,1
1000000000,4,13920,256,5828,1
1000000000,4,27840,256,5855,1
1000000000,4,55680,256,5943,1
1000000000,4,111360,256,6145,1
1000000000,4,222720,256,6610,1
1000000000,4,445440,256,7657,1
1000000000,4,890880,256,9819,1
1000000000,4,1781760,256,14224,1
1000000000,4,3563520,256,23025,1
1000000000,4,27,512,18315,1
1000000000,4,54,512,9614,1
1000000000,4,109,512,7121,1
1000000000,4,218,512,6987,1
1000000000,4,435,512,6513,1
1000000000,4,870,512,5936,1
1000000000,4,1740,512,5838,1
1000000000,4,3480,512,5877,1
1000000000,4,6960,512,5867,1
1000000000,4,13920,512,5923,1
1000000000,4,27840,512,6063,1
1000000000,4,55680,512,6436,1
1000000000,4,111360,512,7247,1
1000000000,4,222720,512,8906,1
1000000000,4,445440,512,12698,1
1000000000,4,890880,512,20342,1
1000000000,4,1781760,512,34919,1
1000000000,4,14,1024,19143,1
1000000000,4,27,1024,10100,1
1000000000,4,54,1024,7230,1
1000000000,4,109,1024,7150,1
1000000000,4,218,1024,7107,1
1000000000,4,435,1024,6224,1
1000000000,4,870,1024,5872,1
1000000000,4,1740,1024,5956,1
1000000000,4,3480,1024,6017,1
1000000000,4,6960,1024,6141,1
1000000000,4,13920,1024,6468,1
1000000000,4,27840,1024,7279,1
1000000000,4,55680,1024,9088,1
1000000000,4,111360,1024,12193,1
1000000000,4,222720,1024,18939,1
1000000000,4,445440,1024,33187,1
1000000000,4,890880,1024,61490,1
2000000000,4,218,64,35189,1
2000000000,4,435,64,18610,1
2000000000,4,870,64,12247,1
2000000000,4,1740,64,12919,1
2000000000,4,3480,64,13113,1
2000000000,4,6960,64,12015,1
2000000000,4,13920,64,11596,1
2000000000,4,27840,64,11590,1
2000000000,4,55680,64,11599,1
2000000000,4,111360,64,11599,1
2000000000,4,222720,64,11648,1
2000000000,4,445440,64,11791,1
2000000000,4,890880,64,12087,1
2000000000,4,1781760,64,12698,1
2000000000,4,3563520,64,13972,1
2000000000,4,7127040,64,16568,1
2000000000,4,14254080,64,21922,1
2000000000,4,28508160,64,32595,1
2000000000,4,109,128,35498,1
2000000000,4,218,128,18854,1
2000000000,4,435,128,12289,1
2000000000,4,870,128,12831,1
2000000000,4,1740,128,13083,1
2000000000,4,3480,128,12001,1
2000000000,4,6960,128,11632,1
2000000000,4,13920,128,11598,1
2000000000,4,27840,128,11597,1
2000000000,4,55680,128,11603,1
2000000000,4,111360,128,11668,1
2000000000,4,222720,128,11813,1
2000000000,4,445440,128,12135,1
2000000000,4,890880,128,12792,1
2000000000,4,1781760,128,14308,1
2000000000,4,3563520,128,17447,1
2000000000,4,7127040,128,23501,1
2000000000,4,14254080,128,35467,1
2000000000,4,54,256,35737,1
2000000000,4,109,256,19064,1
2000000000,4,218,256,13132,1
2000000000,4,435,256,12960,1
2000000000,4,870,256,13139,1
2000000000,4,1740,256,12046,1
2000000000,4,3480,256,11699,1
2000000000,4,6960,256,11626,1
2000000000,4,13920,256,11706,1
2000000000,4,27840,256,11698,1
2000000000,4,55680,256,11795,1
2000000000,4,111360,256,11982,1
2000000000,4,222720,256,12392,1
2000000000,4,445440,256,13307,1
2000000000,4,890880,256,15480,1
2000000000,4,1781760,256,19784,1
2000000000,4,3563520,256,28661,1
2000000000,4,7127040,256,46420,1
2000000000,4,27,512,36842,1
2000000000,4,54,512,19346,1
2000000000,4,109,512,14424,1
2000000000,4,218,512,14425,1
2000000000,4,435,512,13179,1
2000000000,4,870,512,12102,1
2000000000,4,1740,512,11821,1
2000000000,4,3480,512,11810,1
2000000000,4,6960,512,11756,1
2000000000,4,13920,512,11781,1
2000000000,4,27840,512,11915,1
2000000000,4,55680,512,12216,1
2000000000,4,111360,512,12953,1
2000000000,4,222720,512,14619,1
2000000000,4,445440,512,17928,1
2000000000,4,890880,512,25596,1
2000000000,4,1781760,512,40996,1
2000000000,4,3563520,512,70385,1
2000000000,4,14,1024,38503,1
2000000000,4,27,1024,20322,1
2000000000,4,54,1024,14551,1
2000000000,4,109,1024,14513,1
2000000000,4,218,1024,14444,1
2000000000,4,435,1024,12683,1
2000000000,4,870,1024,11867,1
2000000000,4,1740,1024,11905,1
2000000000,4,3480,1024,11951,1
2000000000,4,6960,1024,12033,1
2000000000,4,13920,1024,12314,1
2000000000,4,27840,1024,12978,1
2000000000,4,55680,1024,14645,1
2000000000,4,111360,1024,18294,1
2000000000,4,222720,1024,24189,1
2000000000,4,445440,1024,38163,1
2000000000,4,890880,1024,66890,1
2000000000,4,1781760,1024,123791,1
1000000000,8,218,64,19036,1
1000000000,8,435,64,9851,1
1000000000,8,870,64,6807,1
1000000000,8,1740,64,7176,1
1000000000,8,3480,64,7240,1
1000000000,8,6960,64,6710,1
1000000000,8,13920,64,6592,1
1000000000,8,27840,64,6630,1
1000000000,8,55680,64,6574,1
1000000000,8,111360,64,6594,1
1000000000,8,222720,64,6703,1
1000000000,8,445440,64,6883,1
1000000000,8,890880,64,7261,1
1000000000,8,1781760,64,8020,1
1000000000,8,3563520,64,9611,1
1000000000,8,7127040,64,12775,1
1000000000,8,14254080,64,19162,1
1000000000,8,109,128,18748,1
1000000000,8,218,128,10043,1
1000000000,8,435,128,6895,1
1000000000,8,870,128,7221,1
1000000000,8,1740,128,7266,1
1000000000,8,3480,128,6756,1
1000000000,8,6960,128,6596,1
1000000000,8,13920,128,6599,1
1000000000,8,27840,128,6617,1
1000000000,8,55680,128,6634,1
1000000000,8,111360,128,6719,1
1000000000,8,222720,128,6900,1
1000000000,8,445440,128,7296,1
1000000000,8,890880,128,8101,1
1000000000,8,1781760,128,9767,1
1000000000,8,3563520,128,13239,1
1000000000,8,7127040,128,19897,1
1000000000,8,54,256,18877,1
1000000000,8,109,256,10211,1
1000000000,8,218,256,7440,1
1000000000,8,435,256,7265,1
1000000000,8,870,256,7319,1
1000000000,8,1740,256,6732,1
1000000000,8,3480,256,6660,1
1000000000,8,6960,256,6623,1
1000000000,8,13920,256,6618,1
1000000000,8,27840,256,6653,1
1000000000,8,55680,256,6762,1
1000000000,8,111360,256,6961,1
1000000000,8,222720,256,7457,1
1000000000,8,445440,256,8544,1
1000000000,8,890880,256,10814,1
1000000000,8,1781760,256,15546,1
1000000000,8,3563520,256,24918,1
1000000000,8,27,512,19316,1
1000000000,8,54,512,10289,1
1000000000,8,109,512,8150,1
1000000000,8,218,512,8139,1
1000000000,8,435,512,7344,1
1000000000,8,870,512,6768,1
1000000000,8,1740,512,6672,1
1000000000,8,3480,512,6688,1
1000000000,8,6960,512,6662,1
1000000000,8,13920,512,6708,1
1000000000,8,27840,512,6853,1
1000000000,8,55680,512,7192,1
1000000000,8,111360,512,8000,1
1000000000,8,222720,512,9711,1
1000000000,8,445440,512,13627,1
1000000000,8,890880,512,21395,1
1000000000,8,1781760,512,36643,1
1000000000,8,14,1024,20739,1
1000000000,8,27,1024,10907,1
1000000000,8,54,1024,8294,1
1000000000,8,109,1024,8249,1
1000000000,8,218,1024,8194,1
1000000000,8,435,1024,7178,1
1000000000,8,870,1024,6777,1
1000000000,8,1740,1024,6792,1
1000000000,8,3480,1024,6841,1
1000000000,8,6960,1024,6900,1
1000000000,8,13920,1024,7154,1
1000000000,8,27840,1024,7801,1
1000000000,8,55680,1024,9212,1
1000000000,8,111360,1024,11075,1
1000000000,8,222720,1024,16643,1
1000000000,8,445440,1024,27999,1
1000000000,8,890880,1024,50392,1
2000000000,8,218,64,36997,1
2000000000,8,435,64,19742,1
2000000000,8,870,64,13730,1
2000000000,8,1740,64,14349,1
2000000000,8,3480,64,14631,1
2000000000,8,6960,64,13556,1
2000000000,8,13920,64,13207,1
2000000000,8,27840,64,13182,1
2000000000,8,55680,64,13125,1
2000000000,8,111360,64,13144,1
2000000000,8,222720,64,13255,1
2000000000,8,445440,64,13419,1
2000000000,8,890880,64,13776,1
2000000000,8,1781760,64,14513,1
2000000000,8,3563520,64,16032,1
2000000000,8,7127040,64,19251,1
2000000000,8,14254080,64,25586,1
2000000000,8,28508160,64,38352,1
2000000000,8,109,128,37373,1
2000000000,8,218,128,20058,1
2000000000,8,435,128,13911,1
2000000000,8,870,128,14538,1
2000000000,8,1740,128,14689,1
2000000000,8,3480,128,13578,1
2000000000,8,6960,128,13219,1
2000000000,8,13920,128,13160,1
2000000000,8,27840,128,13160,1
2000000000,8,55680,128,13172,1
2000000000,8,111360,128,13243,1
2000000000,8,222720,128,13431,1
2000000000,8,445440,128,13805,1
2000000000,8,890880,128,14587,1
2000000000,8,1781760,128,16192,1
2000000000,8,3563520,128,19518,1
2000000000,8,7127040,128,26481,1
2000000000,8,14254080,128,39856,1
2000000000,8,54,256,37676,1
2000000000,8,109,256,20413,1
2000000000,8,218,256,14888,1
2000000000,8,435,256,14581,1
2000000000,8,870,256,14695,1
2000000000,8,1740,256,13532,1
2000000000,8,3480,256,13329,1
2000000000,8,6960,256,13198,1
2000000000,8,13920,256,13178,1
2000000000,8,27840,256,13179,1
2000000000,8,55680,256,13273,1
2000000000,8,111360,256,13500,1
2000000000,8,222720,256,13953,1
2000000000,8,445440,256,15041,1
2000000000,8,890880,256,17191,1
2000000000,8,1781760,256,21807,1
2000000000,8,3563520,256,31194,1
2000000000,8,7127040,256,50187,1
2000000000,8,27,512,38853,1
2000000000,8,54,512,20706,1
2000000000,8,109,512,16330,1
2000000000,8,218,512,16356,1
2000000000,8,435,512,14892,1
2000000000,8,870,512,13678,1
2000000000,8,1740,512,13421,1
2000000000,8,3480,512,13416,1
2000000000,8,6960,512,13331,1
2000000000,8,13920,512,13355,1
2000000000,8,27840,512,13487,1
2000000000,8,55680,512,13798,1
2000000000,8,111360,512,14493,1
2000000000,8,222720,512,16120,1
2000000000,8,445440,512,19471,1
2000000000,8,890880,512,27388,1
2000000000,8,1781760,512,43083,1
2000000000,8,3563520,512,73828,1
2000000000,8,14,1024,41745,1
2000000000,8,27,1024,21957,1
2000000000,8,54,1024,16765,1
2000000000,8,109,1024,16639,1
2000000000,8,218,1024,16623,1
2000000000,8,435,1024,14585,1
2000000000,8,870,1024,13610,1
2000000000,8,1740,1024,13637,1
2000000000,8,3480,1024,13653,1
2000000000,8,6960,1024,13662,1
2000000000,8,13920,1024,13880,1
2000000000,8,27840,1024,14398,1
2000000000,8,55680,1024,15673,1
2000000000,8,111360,1024,18481,1
2000000000,8,222720,1024,22063,1
2000000000,8,445440,1024,33500,1
2000000000,8,890880,1024,56395,1
2000000000,8,1781760,1024,101534,1
1000000000,16,218,64,19102,1
1000000000,16,435,64,10214,1
1000000000,16,870,64,7269,1
1000000000,16,1740,64,7509,1
1000000000,16,3480,64,7678,1
1000000000,16,6960,64,7181,1
1000000000,16,13920,64,7021,1
1000000000,16,27840,64,7021,1
1000000000,16,55680,64,7028,1
1000000000,16,111360,64,7044,1
1000000000,16,222720,64,7098,1
1000000000,16,445440,64,7269,1
1000000000,16,890880,64,7498,1
1000000000,16,1781760,64,8090,1
1000000000,16,3563520,64,9231,1
1000000000,16,7127040,64,11612,1
1000000000,16,14254080,64,21390,1
1000000000,16,109,128,19261,1
1000000000,16,218,128,10410,1
1000000000,16,435,128,7426,1
1000000000,16,870,128,7672,1
1000000000,16,1740,128,7731,1
1000000000,16,3480,128,7185,1
1000000000,16,6960,128,7085,1
1000000000,16,13920,128,7074,1
1000000000,16,27840,128,7067,1
1000000000,16,55680,128,7103,1
1000000000,16,111360,128,7156,1
1000000000,16,222720,128,7283,1
1000000000,16,445440,128,7558,1
1000000000,16,890880,128,8126,1
1000000000,16,1781760,128,9321,1
1000000000,16,3563520,128,11952,1
1000000000,16,7127040,128,16701,1
1000000000,16,54,256,19477,1
1000000000,16,109,256,10633,1
1000000000,16,218,256,7920,1
1000000000,16,435,256,7777,1
1000000000,16,870,256,7761,1
1000000000,16,1740,256,7219,1
1000000000,16,3480,256,7140,1
1000000000,16,6960,256,7093,1
1000000000,16,13920,256,7080,1
1000000000,16,27840,256,7082,1
1000000000,16,55680,256,7170,1
1000000000,16,111360,256,7318,1
1000000000,16,222720,256,7619,1
1000000000,16,445440,256,8343,1
1000000000,16,890880,256,9845,1
1000000000,16,1781760,256,12954,1
1000000000,16,3563520,256,18914,1
1000000000,16,27,512,19928,1
1000000000,16,54,512,10714,1
1000000000,16,109,512,8695,1
1000000000,16,218,512,8645,1
1000000000,16,435,512,7822,1
1000000000,16,870,512,7242,1
1000000000,16,1740,512,7187,1
1000000000,16,3480,512,7104,1
1000000000,16,6960,512,7113,1
1000000000,16,13920,512,7135,1
1000000000,16,27840,512,7224,1
1000000000,16,55680,512,7422,1
1000000000,16,111360,512,7872,1
1000000000,16,222720,512,8856,1
1000000000,16,445440,512,11076,1
1000000000,16,890880,512,15769,1
1000000000,16,1781760,512,24574,1
1000000000,16,14,1024,21611,1
1000000000,16,27,1024,11340,1
1000000000,16,54,1024,8856,1
1000000000,16,109,1024,8760,1
1000000000,16,218,1024,8787,1
1000000000,16,435,1024,7665,1
1000000000,16,870,1024,7191,1
1000000000,16,1740,1024,7236,1
1000000000,16,3480,1024,7274,1
1000000000,16,6960,1024,7283,1
1000000000,16,13920,1024,7411,1
1000000000,16,27840,1024,7749,1
1000000000,16,55680,1024,8462,1
1000000000,16,111360,1024,9708,1
1000000000,16,222720,1024,12308,1
1000000000,16,445440,1024,18814,1
1000000000,16,890880,1024,31772,1
2000000000,16,218,64,38009,1
2000000000,16,435,64,20378,1
2000000000,16,870,64,14725,1
2000000000,16,1740,64,15267,1
2000000000,16,3480,64,15503,1
2000000000,16,6960,64,14418,1
2000000000,16,13920,64,14085,1
2000000000,16,27840,64,13993,1
2000000000,16,55680,64,14000,1
2000000000,16,111360,64,14008,1
2000000000,16,222720,64,14064,1
2000000000,16,445440,64,14188,1
2000000000,16,890880,64,14442,1
2000000000,16,1781760,64,14973,1
2000000000,16,3563520,64,16054,1
2000000000,16,7127040,64,18418,1
2000000000,16,14254080,64,23110,1
2000000000,16,28508160,64,42180,1
2000000000,16,109,128,38216,1
2000000000,16,218,128,20673,1
2000000000,16,435,128,14802,1
2000000000,16,870,128,15247,1
2000000000,16,1740,128,15513,1
2000000000,16,3480,128,14431,1
2000000000,16,6960,128,14072,1
2000000000,16,13920,128,14029,1
2000000000,16,27840,128,14001,1
2000000000,16,55680,128,14013,1
2000000000,16,111360,128,14054,1
2000000000,16,222720,128,14193,1
2000000000,16,445440,128,14439,1
2000000000,16,890880,128,14996,1
2000000000,16,1781760,128,16092,1
2000000000,16,3563520,128,18667,1
2000000000,16,7127040,128,23946,1
2000000000,16,14254080,128,33458,1
2000000000,16,54,256,38864,1
2000000000,16,109,256,21276,1
2000000000,16,218,256,15862,1
2000000000,16,435,256,15603,1
2000000000,16,870,256,15650,1
2000000000,16,1740,256,14502,1
2000000000,16,3480,256,14286,1
2000000000,16,6960,256,14153,1
2000000000,16,13920,256,14120,1
2000000000,16,27840,256,14124,1
2000000000,16,55680,256,14181,1
2000000000,16,111360,256,14324,1
2000000000,16,222720,256,14615,1
2000000000,16,445440,256,15265,1
2000000000,16,890880,256,16678,1
2000000000,16,1781760,256,19719,1
2000000000,16,3563520,256,25877,1
2000000000,16,7127040,256,37922,1
2000000000,16,27,512,39835,1
2000000000,16,54,512,21428,1
2000000000,16,109,512,17445,1
2000000000,16,218,512,17378,1
2000000000,16,435,512,15761,1
2000000000,16,870,512,14509,1
2000000000,16,1740,512,14291,1
2000000000,16,3480,512,14277,1
2000000000,16,6960,512,14165,1
2000000000,16,13920,512,14174,1
2000000000,16,27840,512,14235,1
2000000000,16,55680,512,14431,1
2000000000,16,111360,512,14817,1
2000000000,16,222720,512,15760,1
2000000000,16,445440,512,17749,1
2000000000,16,890880,512,22122,1
2000000000,16,1781760,512,31511,1
2000000000,16,3563520,512,49143,1
2000000000,16,14,1024,43272,1
2000000000,16,27,1024,22694,1
2000000000,16,54,1024,17815,1
2000000000,16,109,1024,17610,1
2000000000,16,218,1024,17596,1
2000000000,16,435,1024,15448,1
2000000000,16,870,1024,14411,1
2000000000,16,1740,1024,14457,1
2000000000,16,3480,1024,14442,1
2000000000,16,6960,1024,14410,1
2000000000,16,13920,1024,14537,1
2000000000,16,27840,1024,14859,1
2000000000,16,55680,1024,15537,1
2000000000,16,111360,1024,16966,1
2000000000,16,222720,1024,19340,1
2000000000,16,445440,1024,24589,1
2000000000,16,890880,1024,37603,1
2000000000,16,1781760,1024,63506,1
1000000000,32,218,64,19214,1
1000000000,32,435,64,10269,1
1000000000,32,870,64,7348,1
1000000000,32,1740,64,7757,1
1000000000,32,3480,64,7773,1
1000000000,32,6960,64,7254,1
1000000000,32,13920,64,7101,1
1000000000,32,27840,64,7145,1
1000000000,32,55680,64,7156,1
1000000000,32,111360,64,7179,1
1000000000,32,222720,64,7239,1
1000000000,32,445440,64,7370,1
1000000000,32,890880,64,7637,1
1000000000,32,1781760,64,8187,1
1000000000,32,3563520,64,10769,1
1000000000,32,7127040,64,21064,1
1000000000,32,14254080,64,41780,1
1000000000,32,109,128,19268,1
1000000000,32,218,128,10433,1
1000000000,32,435,128,7460,1
1000000000,32,870,128,7733,1
1000000000,32,1740,128,7782,1
1000000000,32,3480,128,7227,1
1000000000,32,6960,128,7130,1
1000000000,32,13920,128,7114,1
1000000000,32,27840,128,7117,1
1000000000,32,55680,128,7131,1
1000000000,32,111360,128,7189,1
1000000000,32,222720,128,7320,1
1000000000,32,445440,128,7589,1
1000000000,32,890880,128,8136,1
1000000000,32,1781760,128,9247,1
1000000000,32,3563520,128,11565,1
1000000000,32,7127040,128,21154,1
1000000000,32,54,256,19419,1
1000000000,32,109,256,10669,1
1000000000,32,218,256,7936,1
1000000000,32,435,256,7832,1
1000000000,32,870,256,7798,1
1000000000,32,1740,256,7274,1
1000000000,32,3480,256,7186,1
1000000000,32,6960,256,7122,1
1000000000,32,13920,256,7121,1
1000000000,32,27840,256,7136,1
1000000000,32,55680,256,7191,1
1000000000,32,111360,256,7328,1
1000000000,32,222720,256,7619,1
1000000000,32,445440,256,8219,1
1000000000,32,890880,256,9509,1
1000000000,32,1781760,256,12079,1
1000000000,32,3563520,256,16949,1
1000000000,32,27,512,19984,1
1000000000,32,54,512,10747,1
1000000000,32,109,512,8732,1
1000000000,32,218,512,8682,1
1000000000,32,435,512,7839,1
1000000000,32,870,512,7279,1
1000000000,32,1740,512,7179,1
1000000000,32,3480,512,7184,1
1000000000,32,6960,512,7141,1
1000000000,32,13920,512,7156,1
1000000000,32,27840,512,7226,1
1000000000,32,55680,512,7394,1
1000000000,32,111360,512,7742,1
1000000000,32,222720,512,8479,1
1000000000,32,445440,512,10054,1
1000000000,32,890880,512,13283,1
1000000000,32,1781760,512,19636,1
1000000000,32,14,1024,21708,1
1000000000,32,27,1024,11371,1
1000000000,32,54,1024,8949,1
1000000000,32,109,1024,8864,1
1000000000,32,218,1024,8787,1
1000000000,32,435,1024,7729,1
1000000000,32,870,1024,7253,1
1000000000,32,1740,1024,7275,1
1000000000,32,3480,1024,7280,1
1000000000,32,6960,1024,7284,1
1000000000,32,13920,1024,7398,1
1000000000,32,27840,1024,7635,1
1000000000,32,55680,1024,8107,1
1000000000,32,111360,1024,8998,1
1000000000,32,222720,1024,10596,1
1000000000,32,445440,1024,14448,1
1000000000,32,890880,1024,22696,1
2000000000,32,218,64,38190,1
2000000000,32,435,64,20537,1
2000000000,32,870,64,14851,1
2000000000,32,1740,64,15703,1
2000000000,32,3480,64,15622,1
2000000000,32,6960,64,14603,1
2000000000,32,13920,64,14213,1
2000000000,32,27840,64,14172,1
2000000000,32,55680,64,14143,1
2000000000,32,111360,64,14141,1
2000000000,32,222720,64,14210,1
2000000000,32,445440,64,14354,1
2000000000,32,890880,64,14607,1
2000000000,32,1781760,64,15173,1
2000000000,32,3563520,64,16203,1
2000000000,32,7127040,64,21395,1
2000000000,32,14254080,64,41701,1
2000000000,32,28508160,64,82822,1
2000000000,32,109,128,38280,1
2000000000,32,218,128,20729,1
2000000000,32,435,128,14920,1
2000000000,32,870,128,15335,1
2000000000,32,1740,128,15563,1
2000000000,32,3480,128,14462,1
2000000000,32,6960,128,14157,1
2000000000,32,13920,128,14088,1
2000000000,32,27840,128,14073,1
2000000000,32,55680,128,14069,1
2000000000,32,111360,128,14135,1
2000000000,32,222720,128,14251,1
2000000000,32,445440,128,14632,1
2000000000,32,890880,128,15168,1
2000000000,32,1781760,128,16269,1
2000000000,32,3563520,128,18534,1
2000000000,32,7127040,128,23149,1
2000000000,32,14254080,128,42222,1
2000000000,32,54,256,38849,1
2000000000,32,109,256,21318,1
2000000000,32,218,256,16022,1
2000000000,32,435,256,15668,1
2000000000,32,870,256,15805,1
2000000000,32,1740,256,14568,1
2000000000,32,3480,256,14377,1
2000000000,32,6960,256,14223,1
2000000000,32,13920,256,14197,1
2000000000,32,27840,256,14185,1
2000000000,32,55680,256,14249,1
2000000000,32,111360,256,14374,1
2000000000,32,222720,256,14650,1
2000000000,32,445440,256,15230,1
2000000000,32,890880,256,16431,1
2000000000,32,1781760,256,19002,1
2000000000,32,3563520,256,24154,1
2000000000,32,7127040,256,33878,1
2000000000,32,27,512,39920,1
2000000000,32,54,512,21485,1
2000000000,32,109,512,17489,1
2000000000,32,218,512,17584,1
2000000000,32,435,512,15869,1
2000000000,32,870,512,14569,1
2000000000,32,1740,512,14366,1
2000000000,32,3480,512,14334,1
2000000000,32,6960,512,14227,1
2000000000,32,13920,512,14222,1
2000000000,32,27840,512,14278,1
2000000000,32,55680,512,14446,1
2000000000,32,111360,512,14786,1
2000000000,32,222720,512,15468,1
2000000000,32,445440,512,16983,1
2000000000,32,890880,512,20028,1
2000000000,32,1781760,512,26492,1
2000000000,32,3563520,512,39223,1
2000000000,32,14,1024,43380,1
2000000000,32,27,1024,22756,1
2000000000,32,54,1024,18014,1
2000000000,32,109,1024,17761,1
2000000000,32,218,1024,17782,1
2000000000,32,435,1024,15568,1
2000000000,32,870,1024,14491,1
2000000000,32,1740,1024,14513,1
2000000000,32,3480,1024,14494,1
2000000000,32,6960,1024,14422,1
2000000000,32,13920,1024,14580,1
2000000000,32,27840,1024,14861,1
2000000000,32,55680,1024,15329,1
2000000000,32,111360,1024,16329,1
2000000000,32,222720,1024,18074,1
2000000000,32,445440,1024,21258,1
2000000000,32,890880,1024,29094,1
2000000000,32,1781760,1024,45714,1
1000000000,64,218,64,19174,1
1000000000,64,435,64,10242,1
1000000000,64,870,64,7356,1
1000000000,64,1740,64,7686,1
1000000000,64,3480,64,7757,1
1000000000,64,6960,64,7215,1
1000000000,64,13920,64,7115,1
1000000000,64,27840,64,7112,1
1000000000,64,55680,64,7115,1
1000000000,64,111360,64,7129,1
1000000000,64,222720,64,7197,1
1000000000,64,445440,64,7342,1
1000000000,64,890880,64,7622,1
1000000000,64,1781760,64,8238,1
1000000000,64,3563520,64,10847,1
1000000000,64,7127040,64,21089,1
1000000000,64,14254080,64,41813,1
1000000000,64,109,128,19314,1
1000000000,64,218,128,10471,1
1000000000,64,435,128,7534,1
1000000000,64,870,128,7719,1
1000000000,64,1740,128,7805,1
1000000000,64,3480,128,7287,1
1000000000,64,6960,128,7172,1
1000000000,64,13920,128,7151,1
1000000000,64,27840,128,7149,1
1000000000,64,55680,128,7167,1
1000000000,64,111360,128,7228,1
1000000000,64,222720,128,7364,1
1000000000,64,445440,128,7621,1
1000000000,64,890880,128,8198,1
1000000000,64,1781760,128,9352,1
1000000000,64,3563520,128,11668,1
1000000000,64,7127040,128,21261,1
1000000000,64,54,256,19450,1
1000000000,64,109,256,10681,1
1000000000,64,218,256,7989,1
1000000000,64,435,256,7850,1
1000000000,64,870,256,7851,1
1000000000,64,1740,256,7276,1
1000000000,64,3480,256,7204,1
1000000000,64,6960,256,7140,1
1000000000,64,13920,256,7134,1
1000000000,64,27840,256,7151,1
1000000000,64,55680,256,7209,1
1000000000,64,111360,256,7351,1
1000000000,64,222720,256,7643,1
1000000000,64,445440,256,8226,1
1000000000,64,890880,256,9428,1
1000000000,64,1781760,256,11754,1
1000000000,64,3563520,256,16341,1
1000000000,64,27,512,20022,1
1000000000,64,54,512,10759,1
1000000000,64,109,512,8810,1
1000000000,64,218,512,8771,1
1000000000,64,435,512,7919,1
1000000000,64,870,512,7277,1
1000000000,64,1740,512,7210,1
1000000000,64,3480,512,7202,1
1000000000,64,6960,512,7151,1
1000000000,64,13920,512,7165,1
1000000000,64,27840,512,7238,1
1000000000,64,55680,512,7392,1
1000000000,64,111360,512,7703,1
1000000000,64,222720,512,8356,1
1000000000,64,445440,512,9697,1
1000000000,64,890880,512,12299,1
1000000000,64,1781760,512,17590,1
1000000000,64,14,1024,21712,1
1000000000,64,27,1024,11368,1
1000000000,64,54,1024,8911,1
1000000000,64,109,1024,8910,1
1000000000,64,218,1024,8843,1
1000000000,64,435,1024,7759,1
1000000000,64,870,1024,7262,1
1000000000,64,1740,1024,7287,1
1000000000,64,3480,1024,7296,1
1000000000,64,6960,1024,7280,1
1000000000,64,13920,1024,7362,1
1000000000,64,27840,1024,7562,1
1000000000,64,55680,1024,7948,1
1000000000,64,111360,1024,8634,1
1000000000,64,222720,1024,9891,1
1000000000,64,445440,1024,12508,1
1000000000,64,890880,1024,18148,1
2000000000,64,218,64,38325,1
2000000000,64,435,64,20495,1
2000000000,64,870,64,14709,1
2000000000,64,1740,64,15468,1
2000000000,64,3480,64,15603,1
2000000000,64,6960,64,14531,1
2000000000,64,13920,64,14201,1
2000000000,64,27840,64,14155,1
2000000000,64,55680,64,14122,1
2000000000,64,111360,64,14130,1
2000000000,64,222720,64,14179,1
2000000000,64,445440,64,14333,1
2000000000,64,890880,64,14619,1
2000000000,64,1781760,64,15236,1
2000000000,64,3563520,64,16380,1
2000000000,64,7127040,64,21441,1
2000000000,64,14254080,64,41808,1
2000000000,64,28508160,64,83196,1
2000000000,64,109,128,38451,1
2000000000,64,218,128,20847,1
2000000000,64,435,128,14968,1
2000000000,64,870,128,15401,1
2000000000,64,1740,128,15672,1
2000000000,64,3480,128,14626,1
2000000000,64,6960,128,14346,1
2000000000,64,13920,128,14256,1
2000000000,64,27840,128,14259,1
2000000000,64,55680,128,14262,1
2000000000,64,111360,128,14324,1
2000000000,64,222720,128,14452,1
2000000000,64,445440,128,14706,1
2000000000,64,890880,128,15237,1
2000000000,64,1781760,128,16313,1
2000000000,64,3563520,128,18596,1
2000000000,64,7127040,128,23182,1
2000000000,64,14254080,128,42321,1
2000000000,64,54,256,38880,1
2000000000,64,109,256,21350,1
2000000000,64,218,256,15961,1
2000000000,64,435,256,15726,1
2000000000,64,870,256,15729,1
2000000000,64,1740,256,14634,1
2000000000,64,3480,256,14368,1
2000000000,64,6960,256,14252,1
2000000000,64,13920,256,14225,1
2000000000,64,27840,256,14211,1
2000000000,64,55680,256,14283,1
2000000000,64,111360,256,14402,1
2000000000,64,222720,256,14695,1
2000000000,64,445440,256,15272,1
2000000000,64,890880,256,16445,1
2000000000,64,1781760,256,18832,1
2000000000,64,3563520,256,23551,1
2000000000,64,7127040,256,32714,1
2000000000,64,27,512,39927,1
2000000000,64,54,512,21481,1
2000000000,64,109,512,17733,1
2000000000,64,218,512,17585,1
2000000000,64,435,512,15936,1
2000000000,64,870,512,14660,1
2000000000,64,1740,512,14516,1
2000000000,64,3480,512,14431,1
2000000000,64,6960,512,14261,1
2000000000,64,13920,512,14244,1
2000000000,64,27840,512,14307,1
2000000000,64,55680,512,14450,1
2000000000,64,111360,512,14766,1
2000000000,64,222720,512,15386,1
2000000000,64,445440,512,16707,1
2000000000,64,890880,512,19422,1
2000000000,64,1781760,512,24560,1
2000000000,64,3563520,512,35189,1
2000000000,64,14,1024,43397,1
2000000000,64,27,1024,22722,1
2000000000,64,54,1024,17969,1
2000000000,64,109,1024,17805,1
2000000000,64,218,1024,17854,1
2000000000,64,435,1024,15631,1
2000000000,64,870,1024,14549,1
2000000000,64,1740,1024,14645,1
2000000000,64,3480,1024,14631,1
2000000000,64,6960,1024,14451,1
2000000000,64,13920,1024,14509,1
2000000000,64,27840,1024,14697,1
2000000000,64,55680,1024,15099,1
2000000000,64,111360,1024,15887,1
2000000000,64,222720,1024,17275,1
2000000000,64,445440,1024,19849,1
2000000000,64,890880,1024,25179,1
2000000000,64,1781760,1024,36542,1
1000000000,128,218,64,20289,1
1000000000,128,435,64,10272,1
1000000000,128,870,64,7340,1
1000000000,128,1740,64,7623,1
1000000000,128,3480,64,7759,1
1000000000,128,6960,64,7205,1
1000000000,128,13920,64,7100,1
1000000000,128,27840,64,7073,1
1000000000,128,55680,64,7071,1
1000000000,128,111360,64,7115,1
1000000000,128,222720,64,7195,1
1000000000,128,445440,64,7344,1
1000000000,128,890880,64,7644,1
1000000000,128,1781760,64,8311,1
1000000000,128,3563520,64,10877,1
1000000000,128,7127040,64,21116,1
1000000000,128,14254080,64,41806,1
1000000000,128,109,128,19290,1
1000000000,128,218,128,10445,1
1000000000,128,435,128,7495,1
1000000000,128,870,128,7730,1
1000000000,128,1740,128,7846,1
1000000000,128,3480,128,7285,1
1000000000,128,6960,128,7153,1
1000000000,128,13920,128,7124,1
1000000000,128,27840,128,7126,1
1000000000,128,55680,128,7153,1
1000000000,128,111360,128,7220,1
1000000000,128,222720,128,7353,1
1000000000,128,445440,128,7652,1
1000000000,128,890880,128,8257,1
1000000000,128,1781760,128,9448,1
1000000000,128,3563520,128,11927,1
1000000000,128,7127040,128,21420,1
1000000000,128,54,256,19504,1
1000000000,128,109,256,10698,1
1000000000,128,218,256,8046,1
1000000000,128,435,256,7874,1
1000000000,128,870,256,7867,1
1000000000,128,1740,256,7309,1
1000000000,128,3480,256,7225,1
1000000000,128,6960,256,7163,1
1000000000,128,13920,256,7153,1
1000000000,128,27840,256,7165,1
1000000000,128,55680,256,7227,1
1000000000,128,111360,256,7366,1
1000000000,128,222720,256,7639,1
1000000000,128,445440,256,8259,1
1000000000,128,890880,256,9463,1
1000000000,128,1781760,256,11698,1
1000000000,128,3563520,256,16241,1
1000000000,128,27,512,20083,1
1000000000,128,54,512,10765,1
1000000000,128,109,512,8859,1
1000000000,128,218,512,8758,1
1000000000,128,435,512,7900,1
1000000000,128,870,512,7296,1
1000000000,128,1740,512,7221,1
1000000000,128,3480,512,7209,1
1000000000,128,6960,512,7165,1
1000000000,128,13920,512,7183,1
1000000000,128,27840,512,7258,1
1000000000,128,55680,512,7415,1
1000000000,128,111360,512,7731,1
1000000000,128,222720,512,8381,1
1000000000,128,445440,512,9558,1
1000000000,128,890880,512,11682,1
1000000000,128,1781760,512,16275,1
1000000000,128,14,1024,21792,1
1000000000,128,27,1024,11389,1
1000000000,128,54,1024,8985,1
1000000000,128,109,1024,8918,1
1000000000,128,218,1024,8853,1
1000000000,128,435,1024,7779,1
1000000000,128,870,1024,7264,1
1000000000,128,1740,1024,7287,1
1000000000,128,3480,1024,7297,1
1000000000,128,6960,1024,7287,1
1000000000,128,13920,1024,7360,1
1000000000,128,27840,1024,7530,1
1000000000,128,55680,1024,7875,1
1000000000,128,111360,1024,8476,1
1000000000,128,222720,1024,9649,1
1000000000,128,445440,1024,11949,1
1000000000,128,890880,1024,17450,1
2000000000,128,218,64,38321,1
2000000000,128,435,64,20500,1
2000000000,128,870,64,14692,1
2000000000,128,1740,64,15451,1
2000000000,128,3480,64,15678,1
2000000000,128,6960,64,14529,1
2000000000,128,13920,64,14213,1
2000000000,128,27840,64,14157,1
2000000000,128,55680,64,14147,1
2000000000,128,111360,64,14149,1
2000000000,128,222720,64,14226,1
2000000000,128,445440,64,14373,1
2000000000,128,890880,64,14680,1
2000000000,128,1781760,64,15289,1
2000000000,128,3563520,64,16518,1
2000000000,128,7127040,64,21523,1
2000000000,128,14254080,64,42001,1
2000000000,128,28508160,64,83541,1
2000000000,128,109,128,38600,1
2000000000,128,218,128,20899,1
2000000000,128,435,128,14996,1
2000000000,128,870,128,15494,1
2000000000,128,1740,128,15687,1
2000000000,128,3480,128,14585,1
2000000000,128,6960,128,14306,1
2000000000,128,13920,128,14230,1
2000000000,128,27840,128,14224,1
2000000000,128,55680,128,14220,1
2000000000,128,111360,128,14292,1
2000000000,128,222720,128,14423,1
2000000000,128,445440,128,14704,1
2000000000,128,890880,128,15260,1
2000000000,128,1781760,128,16371,1
2000000000,128,3563520,128,18785,1
2000000000,128,7127040,128,23809,1
2000000000,128,14254080,128,42441,1
2000000000,128,54,256,38948,1
2000000000,128,109,256,21381,1
2000000000,128,218,256,16037,1
2000000000,128,435,256,15744,1
2000000000,128,870,256,15808,1
2000000000,128,1740,256,14673,1
2000000000,128,3480,256,14440,1
2000000000,128,6960,256,14303,1
2000000000,128,13920,256,14254,1
2000000000,128,27840,256,14263,1
2000000000,128,55680,256,14314,1
2000000000,128,111360,256,14447,1
2000000000,128,222720,256,14688,1
2000000000,128,445440,256,15221,1
2000000000,128,890880,256,16467,1
2000000000,128,1781760,256,18930,1
2000000000,128,3563520,256,23435,1
2000000000,128,7127040,256,32542,1
2000000000,128,27,512,40042,1
2000000000,128,54,512,21535,1
2000000000,128,109,512,17794,1
2000000000,128,218,512,17580,1
2000000000,128,435,512,16012,1
2000000000,128,870,512,14755,1
2000000000,128,1740,512,14430,1
2000000000,128,3480,512,14507,1
2000000000,128,6960,512,14415,1
2000000000,128,13920,512,14389,1
2000000000,128,27840,512,14460,1
2000000000,128,55680,512,14614,1
2000000000,128,111360,512,14930,1
2000000000,128,222720,512,15495,1
2000000000,128,445440,512,16752,1
2000000000,128,890880,512,19123,1
2000000000,128,1781760,512,23385,1
2000000000,128,3563520,512,32604,1
2000000000,128,14,1024,43506,1
2000000000,128,27,1024,22767,1
2000000000,128,54,1024,17867,1
2000000000,128,109,1024,17946,1
2000000000,128,218,1024,17776,1
2000000000,128,435,1024,15734,1
2000000000,128,870,1024,14552,1
2000000000,128,1740,1024,14646,1
2000000000,128,3480,1024,14650,1
2000000000,128,6960,1024,14581,1
2000000000,128,13920,1024,14625,1
2000000000,128,27840,1024,14809,1
2000000000,128,55680,1024,15090,1
2000000000,128,111360,1024,15746,1
2000000000,128,222720,1024,16969,1
2000000000,128,445440,1024,19331,1
2000000000,128,890880,1024,23909,1
2000000000,128,1781760,1024,34763,1
1000000000,256,218,64,20102,1
1000000000,256,435,64,10855,1
1000000000,256,870,64,7636,1
1000000000,256,1740,64,8033,1
1000000000,256,3480,64,8032,1
1000000000,256,6960,64,7476,1
1000000000,256,13920,64,7312,1
1000000000,256,27840,64,7274,1
1000000000,256,55680,64,7267,1
1000000000,256,111360,64,7270,1
1000000000,256,222720,64,7388,1
1000000000,256,445440,64,7539,1
1000000000,256,890880,64,7874,1
1000000000,256,1781760,64,10829,1
1000000000,256,3563520,64,21084,1
1000000000,256,7127040,64,41795,1
1000000000,256,14254080,64,83465,1
1000000000,256,109,128,20101,1
1000000000,256,218,128,10993,1
1000000000,256,435,128,7699,1
1000000000,256,870,128,8044,1
1000000000,256,1740,128,8053,1
1000000000,256,3480,128,7553,1
1000000000,256,6960,128,7387,1
1000000000,256,13920,128,7365,1
1000000000,256,27840,128,7348,1
1000000000,256,55680,128,7346,1
1000000000,256,111360,128,7397,1
1000000000,256,222720,128,7546,1
1000000000,256,445440,128,7882,1
1000000000,256,890880,128,8471,1
1000000000,256,1781760,128,10947,1
1000000000,256,3563520,128,21149,1
1000000000,256,7127040,128,41780,1
1000000000,256,54,256,20283,1
1000000000,256,109,256,11201,1
1000000000,256,218,256,8245,1
1000000000,256,435,256,8098,1
1000000000,256,870,256,8149,1
1000000000,256,1740,256,7558,1
1000000000,256,3480,256,7450,1
1000000000,256,6960,256,7379,1
1000000000,256,13920,256,7359,1
1000000000,256,27840,256,7356,1
1000000000,256,55680,256,7399,1
1000000000,256,111360,256,7523,1
1000000000,256,222720,256,7855,1
1000000000,256,445440,256,8426,1
1000000000,256,890880,256,9604,1
1000000000,256,1781760,256,12094,1
1000000000,256,3563520,256,21468,1
1000000000,256,27,512,20788,1
1000000000,256,54,512,11274,1
1000000000,256,109,512,8968,1
1000000000,256,218,512,8978,1
1000000000,256,435,512,8180,1
1000000000,256,870,512,7551,1
1000000000,256,1740,512,7490,1
1000000000,256,3480,512,7418,1
1000000000,256,6960,512,7377,1
1000000000,256,13920,512,7375,1
1000000000,256,27840,512,7435,1
1000000000,256,55680,512,7576,1
1000000000,256,111360,512,7875,1
1000000000,256,222720,512,8511,1
1000000000,256,445440,512,9571,1
1000000000,256,890880,512,11904,1
1000000000,256,1781760,512,16504,1
1000000000,256,14,1024,22458,1
1000000000,256,27,1024,11968,1
1000000000,256,54,1024,9134,1
1000000000,256,109,1024,9054,1
1000000000,256,218,1024,9046,1
1000000000,256,435,1024,8026,1
1000000000,256,870,1024,7530,1
1000000000,256,1740,1024,7511,1
1000000000,256,3480,1024,7508,1
1000000000,256,6960,1024,7489,1
1000000000,256,13920,1024,7557,1
1000000000,256,27840,1024,7723,1
1000000000,256,55680,1024,8063,1
1000000000,256,111360,1024,8636,1
1000000000,256,222720,1024,9749,1
1000000000,256,445440,1024,12184,1
1000000000,256,890880,1024,17097,1
2000000000,256,218,64,39928,1
2000000000,256,435,64,21637,1
2000000000,256,870,64,15222,1
2000000000,256,1740,64,15919,1
2000000000,256,3480,64,16059,1
2000000000,256,6960,64,14993,1
2000000000,256,13920,64,14599,1
2000000000,256,27840,64,14534,1
2000000000,256,55680,64,14470,1
2000000000,256,111360,64,14481,1
2000000000,256,222720,64,14516,1
2000000000,256,445440,64,14645,1
2000000000,256,890880,64,15044,1
2000000000,256,1781760,64,15727,1
2000000000,256,3563520,64,21518,1
2000000000,256,7127040,64,42054,1
2000000000,256,14254080,64,83577,1
2000000000,256,28508160,64,166921,1
2000000000,256,109,128,40192,1
2000000000,256,218,128,21984,1
2000000000,256,435,128,15492,1
2000000000,256,870,128,16068,1
2000000000,256,1740,128,16145,1
2000000000,256,3480,128,15071,1
2000000000,256,6960,128,14728,1
2000000000,256,13920,128,14718,1
2000000000,256,27840,128,14680,1
2000000000,256,55680,128,14653,1
2000000000,256,111360,128,14676,1
2000000000,256,222720,128,14798,1
2000000000,256,445440,128,15056,1
2000000000,256,890880,128,15636,1
2000000000,256,1781760,128,16798,1
2000000000,256,3563520,128,21784,1
2000000000,256,7127040,128,42046,1
2000000000,256,14254080,128,83501,1
2000000000,256,54,256,40533,1
2000000000,256,109,256,22399,1
2000000000,256,218,256,16458,1
2000000000,256,435,256,16148,1
2000000000,256,870,256,16258,1
2000000000,256,1740,256,15004,1
2000000000,256,3480,256,14892,1
2000000000,256,6960,256,14751,1
2000000000,256,13920,256,14699,1
2000000000,256,27840,256,14660,1
2000000000,256,55680,256,14695,1
2000000000,256,111360,256,14785,1
2000000000,256,222720,256,15038,1
2000000000,256,445440,256,15705,1
2000000000,256,890880,256,16843,1
2000000000,256,1781760,256,19193,1
2000000000,256,3563520,256,24216,1
2000000000,256,7127040,256,42715,1
2000000000,256,27,512,41489,1
2000000000,256,54,512,22544,1
2000000000,256,109,512,18005,1
2000000000,256,218,512,17944,1
2000000000,256,435,512,16329,1
2000000000,256,870,512,15172,1
2000000000,256,1740,512,14970,1
2000000000,256,3480,512,14989,1
2000000000,256,6960,512,14853,1
2000000000,256,13920,512,14810,1
2000000000,256,27840,512,14859,1
2000000000,256,55680,512,14969,1
2000000000,256,111360,512,15255,1
2000000000,256,222720,512,15864,1
2000000000,256,445440,512,17083,1
2000000000,256,890880,512,19135,1
2000000000,256,1781760,512,23841,1
2000000000,256,3563520,512,33077,1
2000000000,256,14,1024,44744,1
2000000000,256,27,1024,23918,1
2000000000,256,54,1024,18220,1
2000000000,256,109,1024,18199,1
2000000000,256,218,1024,18101,1
2000000000,256,435,1024,16068,1
2000000000,256,870,1024,15119,1
2000000000,256,1740,1024,15141,1
2000000000,256,3480,1024,15110,1
2000000000,256,6960,1024,15013,1
2000000000,256,13920,1024,15054,1
2000000000,256,27840,1024,15213,1
2000000000,256,55680,1024,15561,1
2000000000,256,111360,1024,16228,1
2000000000,256,222720,1024,17274,1
2000000000,256,445440,1024,19503,1
2000000000,256,890880,1024,24331,1
2000000000,256,1781760,1024,34143,1
1000000000,512,218,64,20096,1
1000000000,512,435,64,10852,1
1000000000,512,870,64,7562,1
1000000000,512,1740,64,8001,1
1000000000,512,3480,64,8050,1
1000000000,512,6960,64,7506,1
1000000000,512,13920,64,7314,1
1000000000,512,27840,64,7324,1
1000000000,512,55680,64,7319,1
1000000000,512,111360,64,7339,1
1000000000,512,222720,64,7426,1
1000000000,512,445440,64,7616,1
1000000000,512,890880,64,8091,1
1000000000,512,1781760,64,10908,1
1000000000,512,3563520,64,21200,1
1000000000,512,7127040,64,42007,1
1000000000,512,14254080,64,83573,1
1000000000,512,109,128,20110,1
1000000000,512,218,128,10989,1
1000000000,512,435,128,7726,1
1000000000,512,870,128,8057,1
1000000000,512,1740,128,8077,1
1000000000,512,3480,128,7557,1
1000000000,512,6960,128,7390,1
1000000000,512,13920,128,7353,1
1000000000,512,27840,128,7342,1
1000000000,512,55680,128,7363,1
1000000000,512,111360,128,7479,1
1000000000,512,222720,128,7630,1
1000000000,512,445440,128,7963,1
1000000000,512,890880,128,8701,1
1000000000,512,1781760,128,11245,1
1000000000,512,3563520,128,21390,1
1000000000,512,7127040,128,42007,1
1000000000,512,54,256,20337,1
1000000000,512,109,256,11239,1
1000000000,512,218,256,8214,1
1000000000,512,435,256,8108,1
1000000000,512,870,256,8145,1
1000000000,512,1740,256,7549,1
1000000000,512,3480,256,7452,1
1000000000,512,6960,256,7407,1
1000000000,512,13920,256,7415,1
1000000000,512,27840,256,7409,1
1000000000,512,55680,256,7463,1
1000000000,512,111360,256,7597,1
1000000000,512,222720,256,7898,1
1000000000,512,445440,256,8501,1
1000000000,512,890880,256,9843,1
1000000000,512,1781760,256,12535,1
1000000000,512,3563520,256,21727,1
1000000000,512,27,512,20821,1
1000000000,512,54,512,11308,1
1000000000,512,109,512,8984,1
1000000000,512,218,512,8965,1
1000000000,512,435,512,8148,1
1000000000,512,870,512,7557,1
1000000000,512,1740,512,7466,1
1000000000,512,3480,512,7428,1
1000000000,512,6960,512,7371,1
1000000000,512,13920,512,7371,1
1000000000,512,27840,512,7432,1
1000000000,512,55680,512,7614,1
1000000000,512,111360,512,7946,1
1000000000,512,222720,512,8543,1
1000000000,512,445440,512,9693,1
1000000000,512,890880,512,12145,1
1000000000,512,1781760,512,16858,1
1000000000,512,14,1024,22491,1
1000000000,512,27,1024,12021,1
1000000000,512,54,1024,9118,1
1000000000,512,109,1024,9076,1
1000000000,512,218,1024,9082,1
1000000000,512,435,1024,7997,1
1000000000,512,870,1024,7540,1
1000000000,512,1740,1024,7529,1
1000000000,512,3480,1024,7579,1
1000000000,512,6960,1024,7554,1
1000000000,512,13920,1024,7628,1
1000000000,512,27840,1024,7797,1
1000000000,512,55680,1024,8138,1
1000000000,512,111360,1024,8692,1
1000000000,512,222720,1024,9759,1
1000000000,512,445440,1024,12110,1
1000000000,512,890880,1024,16861,1
2000000000,512,218,64,39922,1
2000000000,512,435,64,21610,1
2000000000,512,870,64,15186,1
2000000000,512,1740,64,15906,1
2000000000,512,3480,64,16086,1
2000000000,512,6960,64,14971,1
2000000000,512,13920,64,14594,1
2000000000,512,27840,64,14532,1
2000000000,512,55680,64,14513,1
2000000000,512,111360,64,14478,1
2000000000,512,222720,64,14549,1
2000000000,512,445440,64,14790,1
2000000000,512,890880,64,15207,1
2000000000,512,1781760,64,16053,1
2000000000,512,3563520,64,21725,1
2000000000,512,7127040,64,42261,1
2000000000,512,14254080,64,84002,1
2000000000,512,28508160,64,167126,1
2000000000,512,109,128,40188,1
2000000000,512,218,128,21974,1
2000000000,512,435,128,15507,1
2000000000,512,870,128,16054,1
2000000000,512,1740,128,16109,1
2000000000,512,3480,128,15061,1
2000000000,512,6960,128,14716,1
2000000000,512,13920,128,14705,1
2000000000,512,27840,128,14678,1
2000000000,512,55680,128,14640,1
2000000000,512,111360,128,14693,1
2000000000,512,222720,128,14823,1
2000000000,512,445440,128,15119,1
2000000000,512,890880,128,15789,1
2000000000,512,1781760,128,17285,1
2000000000,512,3563520,128,22306,1
2000000000,512,7127040,128,42152,1
2000000000,512,14254080,128,83522,1
2000000000,512,54,256,40517,1
2000000000,512,109,256,22392,1
2000000000,512,218,256,16408,1
2000000000,512,435,256,16218,1
2000000000,512,870,256,16351,1
2000000000,512,1740,256,15125,1
2000000000,512,3480,256,14937,1
2000000000,512,6960,256,14857,1
2000000000,512,13920,256,14804,1
2000000000,512,27840,256,14769,1
2000000000,512,55680,256,14811,1
2000000000,512,111360,256,14912,1
2000000000,512,222720,256,15147,1
2000000000,512,445440,256,15779,1
2000000000,512,890880,256,16994,1
2000000000,512,1781760,256,19676,1
2000000000,512,3563520,256,25102,1
2000000000,512,7127040,256,43374,1
2000000000,512,27,512,41618,1
2000000000,512,54,512,22621,1
2000000000,512,109,512,18026,1
2000000000,512,218,512,18028,1
2000000000,512,435,512,16382,1
2000000000,512,870,512,15148,1
2000000000,512,1740,512,14962,1
2000000000,512,3480,512,14975,1
2000000000,512,6960,512,14848,1
2000000000,512,13920,512,14794,1
2000000000,512,27840,512,14844,1
2000000000,512,55680,512,14964,1
2000000000,512,111360,512,15258,1
2000000000,512,222720,512,15881,1
2000000000,512,445440,512,17088,1
2000000000,512,890880,512,19385,1
2000000000,512,1781760,512,24287,1
2000000000,512,3563520,512,33715,1
2000000000,512,14,1024,44950,1
2000000000,512,27,1024,24061,1
2000000000,512,54,1024,18338,1
2000000000,512,109,1024,18164,1
2000000000,512,218,1024,18253,1
2000000000,512,435,1024,16065,1
2000000000,512,870,1024,15190,1
2000000000,512,1740,1024,15147,1
2000000000,512,3480,1024,15108,1
2000000000,512,6960,1024,15018,1
2000000000,512,13920,1024,15067,1
2000000000,512,27840,1024,15214,1
2000000000,512,55680,1024,15566,1
2000000000,512,111360,1024,16258,1
2000000000,512,222720,1024,17445,1
2000000000,512,445440,1024,19522,1
2000000000,512,890880,1024,24238,1
2000000000,512,1781760,1024,33913,1
1000000000,1024,218,64,51296,0
1000000000,1024,435,64,51625,0
1000000000,1024,870,64,50878,0
1000000000,1024,1740,64,50916,0
1000000000,1024,3480,64,50586,0
1000000000,1024,6960,64,50524,0
1000000000,1024,13920,64,50455,0
1000000000,1024,27840,64,50448,0
1000000000,1024,55680,64,50436,0
1000000000,1024,111360,64,50427,0
1000000000,1024,222720,64,50423,0
1000000000,1024,445440,64,50417,0
1000000000,1024,890880,64,50415,0
1000000000,1024,1781760,64,50409,0
1000000000,1024,3563520,64,50408,0
1000000000,1024,7127040,64,50401,0
1000000000,1024,14254080,64,50355,0
1000000000,1024,109,128,20118,1
1000000000,1024,218,128,10996,1
1000000000,1024,435,128,7698,1
1000000000,1024,870,128,8018,1
1000000000,1024,1740,128,8116,1
1000000000,1024,3480,128,7555,1
1000000000,1024,6960,128,7403,1
1000000000,1024,13920,128,7411,1
1000000000,1024,27840,128,7414,1
1000000000,1024,55680,128,7452,1
1000000000,1024,111360,128,7443,1
1000000000,1024,222720,128,7710,1
1000000000,1024,445440,128,8181,1
1000000000,1024,890880,128,10974,1
1000000000,1024,1781760,128,21172,1
1000000000,1024,3563520,128,41815,1
1000000000,1024,7127040,128,83489,1
1000000000,1024,54,256,20258,1
1000000000,1024,109,256,11179,1
1000000000,1024,218,256,8233,1
1000000000,1024,435,256,8102,1
1000000000,1024,870,256,8156,1
1000000000,1024,1740,256,7542,1
1000000000,1024,3480,256,7479,1
1000000000,1024,6960,256,7423,1
1000000000,1024,13920,256,7407,1
1000000000,1024,27840,256,7412,1
1000000000,1024,55680,256,7483,1
1000000000,1024,111360,256,7637,1
1000000000,1024,222720,256,7980,1
1000000000,1024,445440,256,8748,1
1000000000,1024,890880,256,11217,1
1000000000,1024,1781760,256,21396,1
1000000000,1024,3563520,256,41872,1
1000000000,1024,27,512,20722,1
1000000000,1024,54,512,11242,1
1000000000,1024,109,512,8979,1
1000000000,1024,218,512,8970,1
1000000000,1024,435,512,8154,1
1000000000,1024,870,512,7539,1
1000000000,1024,1740,512,7508,1
1000000000,1024,3480,512,7475,1
1000000000,1024,6960,512,7420,1
1000000000,1024,13920,512,7422,1
1000000000,1024,27840,512,7493,1
1000000000,1024,55680,512,7650,1
1000000000,1024,111360,512,7982,1
1000000000,1024,222720,512,8637,1
1000000000,1024,445440,512,9914,1
1000000000,1024,890880,512,12570,1
1000000000,1024,1781760,512,21672,1
1000000000,1024,14,1024,22363,1
1000000000,1024,27,1024,11942,1
1000000000,1024,54,1024,9103,1
1000000000,1024,109,1024,9068,1
1000000000,1024,218,1024,9046,1
1000000000,1024,435,1024,7996,1
1000000000,1024,870,1024,7537,1
1000000000,1024,1740,1024,7571,1
1000000000,1024,3480,1024,7569,1
1000000000,1024,6960,1024,7543,1
1000000000,1024,13920,1024,7612,1
1000000000,1024,27840,1024,7790,1
1000000000,1024,55680,1024,8142,1
1000000000,1024,111360,1024,8746,1
1000000000,1024,222720,1024,9918,1
1000000000,1024,445440,1024,12191,1
1000000000,1024,890880,1024,16993,1
2000000000,1024,218,64,101747,0
2000000000,1024,435,64,102382,0
2000000000,1024,870,64,100864,0
2000000000,1024,1740,64,100936,0
2000000000,1024,3480,64,100581,0
2000000000,1024,6960,64,101069,0
2000000000,1024,13920,64,100921,0
2000000000,1024,27840,64,100884,0
2000000000,1024,55680,64,100867,0
2000000000,1024,111360,64,100854,0
2000000000,1024,222720,64,100841,0
2000000000,1024,445440,64,100836,0
2000000000,1024,890880,64,100830,0
2000000000,1024,1781760,64,100824,0
2000000000,1024,3563520,64,100816,0
2000000000,1024,7127040,64,100814,0
2000000000,1024,14254080,64,100797,0
2000000000,1024,28508160,64,100708,0
2000000000,1024,109,128,40216,1
2000000000,1024,218,128,21945,1
2000000000,1024,435,128,15473,1
2000000000,1024,870,128,16066,1
2000000000,1024,1740,128,16198,1
2000000000,1024,3480,128,15180,1
2000000000,1024,6960,128,14832,1
2000000000,1024,13920,128,14806,1
2000000000,1024,27840,128,14780,1
2000000000,1024,55680,128,14775,1
2000000000,1024,111360,128,14830,1
2000000000,1024,222720,128,15014,1
2000000000,1024,445440,128,15405,1
2000000000,1024,890880,128,16351,1
2000000000,1024,1781760,128,21855,1
2000000000,1024,3563520,128,42183,1
2000000000,1024,7127040,128,83647,1
2000000000,1024,14254080,128,167017,1
2000000000,1024,54,256,40519,1
2000000000,1024,109,256,22350,1
2000000000,1024,218,256,16459,1
2000000000,1024,435,256,16208,1
2000000000,1024,870,256,16317,1
2000000000,1024,1740,256,15178,1
2000000000,1024,3480,256,14991,1
2000000000,1024,6960,256,14837,1
2000000000,1024,13920,256,14801,1
2000000000,1024,27840,256,14763,1
2000000000,1024,55680,256,14811,1
2000000000,1024,111360,256,14952,1
2000000000,1024,222720,256,15250,1
2000000000,1024,445440,256,16017,1
2000000000,1024,890880,256,17515,1
2000000000,1024,1781760,256,22459,1
2000000000,1024,3563520,256,42584,1
2000000000,1024,7127040,256,83693,1
2000000000,1024,27,512,41425,1
2000000000,1024,54,512,22483,1
2000000000,1024,109,512,18067,1
2000000000,1024,218,512,17963,1
2000000000,1024,435,512,16395,1
2000000000,1024,870,512,15218,1
2000000000,1024,1740,512,15013,1
2000000000,1024,3480,512,14948,1
2000000000,1024,6960,512,14858,1
2000000000,1024,13920,512,14889,1
2000000000,1024,27840,512,14946,1
2000000000,1024,55680,512,15084,1
2000000000,1024,111360,512,15397,1
2000000000,1024,222720,512,16076,1
2000000000,1024,445440,512,17420,1
2000000000,1024,890880,512,20011,1
2000000000,1024,1781760,512,25327,1
2000000000,1024,3563520,512,43589,1
2000000000,1024,14,1024,44945,1
2000000000,1024,27,1024,24062,1
2000000000,1024,54,1024,18430,1
2000000000,1024,109,1024,18222,1
2000000000,1024,218,1024,18262,1
2000000000,1024,435,1024,16178,1
2000000000,1024,870,1024,15248,1
2000000000,1024,1740,1024,15240,1
2000000000,1024,3480,1024,15213,1
2000000000,1024,6960,1024,15111,1
2000000000,1024,13920,1024,15165,1
2000000000,1024,27840,1024,15336,1
2000000000,1024,55680,1024,15692,1
2000000000,1024,111360,1024,16400,1
2000000000,1024,222720,1024,17609,1
2000000000,1024,445440,1024,19990,1
2000000000,1024,890880,1024,24473,1
2000000000,1024,1781760,1024,34162,1
1000000000,2048,218,64,25561,0
1000000000,2048,435,64,25712,0
1000000000,2048,870,64,24959,0
1000000000,2048,1740,64,24791,0
1000000000,2048,3480,64,24071,0
1000000000,2048,6960,64,23821,0
1000000000,2048,13920,64,23752,0
1000000000,2048,27840,64,23673,0
1000000000,2048,55680,64,23628,0
1000000000,2048,111360,64,23613,0
1000000000,2048,222720,64,23604,0
1000000000,2048,445440,64,23598,0
1000000000,2048,890880,64,23597,0
1000000000,2048,1781760,64,23595,0
1000000000,2048,3563520,64,23590,0
1000000000,2048,7127040,64,23576,0
1000000000,2048,14254080,64,23531,0
1000000000,2048,109,128,26253,0
1000000000,2048,218,128,26000,0
1000000000,2048,435,128,24945,0
1000000000,2048,870,128,24914,0
1000000000,2048,1740,128,24191,0
1000000000,2048,3480,128,23826,0
1000000000,2048,6960,128,23741,0
1000000000,2048,13920,128,23672,0
1000000000,2048,27840,128,23621,0
1000000000,2048,55680,128,23606,0
1000000000,2048,111360,128,23595,0
1000000000,2048,222720,128,23589,0
1000000000,2048,445440,128,23584,0
1000000000,2048,890880,128,23583,0
1000000000,2048,1781760,128,23577,0
1000000000,2048,3563520,128,23558,0
1000000000,2048,7127040,128,23514,0
1000000000,2048,54,256,20267,1
1000000000,2048,109,256,11176,1
1000000000,2048,218,256,8230,1
1000000000,2048,435,256,8109,1
1000000000,2048,870,256,8166,1
1000000000,2048,1740,256,7606,1
1000000000,2048,3480,256,7537,1
1000000000,2048,6960,256,7485,1
1000000000,2048,13920,256,7475,1
1000000000,2048,27840,256,7495,1
1000000000,2048,55680,256,7586,1
1000000000,2048,111360,256,7796,1
1000000000,2048,222720,256,8244,1
1000000000,2048,445440,256,9263,1
1000000000,2048,890880,256,12786,1
1000000000,2048,1781760,256,23569,1
1000000000,2048,3563520,256,46023,1
1000000000,2048,27,512,20860,1
1000000000,2048,54,512,11307,1
1000000000,2048,109,512,9048,1
1000000000,2048,218,512,9032,1
1000000000,2048,435,512,8192,1
1000000000,2048,870,512,7612,1
1000000000,2048,1740,512,7511,1
1000000000,2048,3480,512,7479,1
1000000000,2048,6960,512,7460,1
1000000000,2048,13920,512,7494,1
1000000000,2048,27840,512,7571,1
1000000000,2048,55680,512,7755,1
1000000000,2048,111360,512,8150,1
1000000000,2048,222720,512,8941,1
1000000000,2048,445440,512,10467,1
1000000000,2048,890880,512,14043,1
1000000000,2048,1781760,512,23805,1
1000000000,2048,14,1024,22567,1
1000000000,2048,27,1024,12025,1
1000000000,2048,54,1024,9170,1
1000000000,2048,109,1024,9123,1
1000000000,2048,218,1024,9116,1
1000000000,2048,435,1024,8062,1
1000000000,2048,870,1024,7611,1
1000000000,2048,1740,1024,7630,1
1000000000,2048,3480,1024,7630,1
1000000000,2048,6960,1024,7613,1
1000000000,2048,13920,1024,7694,1
1000000000,2048,27840,1024,7890,1
1000000000,2048,55680,1024,8273,1
1000000000,2048,111360,1024,8973,1
1000000000,2048,222720,1024,10234,1
1000000000,2048,445440,1024,12623,1
1000000000,2048,890880,1024,17848,1
2000000000,2048,218,64,51000,0
2000000000,2048,435,64,51398,0
2000000000,2048,870,64,49550,0
2000000000,2048,1740,64,49288,0
2000000000,2048,3480,64,47891,0
2000000000,2048,6960,64,47375,0
2000000000,2048,13920,64,47346,0
2000000000,2048,27840,64,47124,0
2000000000,2048,55680,64,47045,0
2000000000,2048,111360,64,47019,0
2000000000,2048,222720,64,46989,0
2000000000,2048,445440,64,46968,0
2000000000,2048,890880,64,46961,0
2000000000,2048,1781760,64,46969,0
2000000000,2048,3563520,64,47171,0
2000000000,2048,7127040,64,47170,0
2000000000,2048,14254080,64,47139,0
2000000000,2048,28508160,64,47046,0
2000000000,2048,109,128,52495,0
2000000000,2048,218,128,51983,0
2000000000,2048,435,128,49853,0
2000000000,2048,870,128,50001,0
2000000000,2048,1740,128,48352,0
2000000000,2048,3480,128,47630,0
2000000000,2048,6960,128,47465,0
2000000000,2048,13920,128,47334,0
2000000000,2048,27840,128,47239,0
2000000000,2048,55680,128,47209,0
2000000000,2048,111360,128,47187,0
2000000000,2048,222720,128,47176,0
2000000000,2048,445440,128,47162,0
2000000000,2048,890880,128,47157,0
2000000000,2048,1781760,128,47151,0
2000000000,2048,3563520,128,47138,0
2000000000,2048,7127040,128,47101,0
2000000000,2048,14254080,128,47011,0
2000000000,2048,54,256,40526,1
2000000000,2048,109,256,22340,1
2000000000,2048,218,256,16433,1
2000000000,2048,435,256,16160,1
2000000000,2048,870,256,16394,1
2000000000,2048,1740,256,15307,1
2000000000,2048,3480,256,15098,1
2000000000,2048,6960,256,14948,1
2000000000,2048,13920,256,14917,1
2000000000,2048,27840,256,14907,1
2000000000,2048,55680,256,14968,1
2000000000,2048,111360,256,15154,1
2000000000,2048,222720,256,15575,1
2000000000,2048,445440,256,16590,1
2000000000,2048,890880,256,18579,1
2000000000,2048,1781760,256,25466,1
2000000000,2048,3563520,256,46884,1
2000000000,2048,7127040,256,91964,1
2000000000,2048,27,512,41722,1
2000000000,2048,54,512,22628,1
2000000000,2048,109,512,18152,1
2000000000,2048,218,512,18084,1
2000000000,2048,435,512,16489,1
2000000000,2048,870,512,15325,1
2000000000,2048,1740,512,15124,1
2000000000,2048,3480,512,15058,1
2000000000,2048,6960,512,14929,1
2000000000,2048,13920,512,14909,1
2000000000,2048,27840,512,14966,1
2000000000,2048,55680,512,15118,1
2000000000,2048,111360,512,15495,1
2000000000,2048,222720,512,16281,1
2000000000,2048,445440,512,17962,1
2000000000,2048,890880,512,21068,1
2000000000,2048,1781760,512,28093,1
2000000000,2048,3563520,512,47503,1
2000000000,2048,14,1024,44990,1
2000000000,2048,27,1024,24060,1
2000000000,2048,54,1024,18432,1
2000000000,2048,109,1024,18222,1
2000000000,2048,218,1024,18441,1
2000000000,2048,435,1024,16190,1
2000000000,2048,870,1024,15262,1
2000000000,2048,1740,1024,15241,1
2000000000,2048,3480,1024,15212,1
2000000000,2048,6960,1024,15119,1
2000000000,2048,13920,1024,15188,1
2000000000,2048,27840,1024,15364,1
2000000000,2048,55680,1024,15754,1
2000000000,2048,111360,1024,16530,1
2000000000,2048,222720,1024,17923,1
2000000000,2048,445440,1024,20454,1
2000000000,2048,890880,1024,25236,1
2000000000,2048,1781760,1024,35785,1
1000000000,4096,218,64,14554,0
1000000000,4096,435,64,12623,0
1000000000,4096,870,64,12770,0
1000000000,4096,1740,64,12417,0
1000000000,4096,3480,64,12078,0
1000000000,4096,6960,64,11979,0
1000000000,4096,13920,64,11902,0
1000000000,4096,27840,64,11844,0
1000000000,4096,55680,64,11837,0
1000000000,4096,111360,64,11849,0
1000000000,4096,222720,64,11932,0
1000000000,4096,445440,64,11930,0
1000000000,4096,890880,64,11927,0
1000000000,4096,1781760,64,11922,0
1000000000,4096,3563520,64,11918,0
1000000000,4096,7127040,64,11897,0
1000000000,4096,14254080,64,11973,0
1000000000,4096,109,128,15628,0
1000000000,4096,218,128,13496,0
1000000000,4096,435,128,12924,0
1000000000,4096,870,128,12470,0
1000000000,4096,1740,128,12054,0
1000000000,4096,3480,128,12089,0
1000000000,4096,6960,128,12010,0
1000000000,4096,13920,128,11961,0
1000000000,4096,27840,128,11922,0
1000000000,4096,55680,128,11874,0
1000000000,4096,111360,128,11921,0
1000000000,4096,222720,128,11916,0
1000000000,4096,445440,128,11911,0
1000000000,4096,890880,128,11905,0
1000000000,4096,1781760,128,11895,0
1000000000,4096,3563520,128,11873,0
1000000000,4096,7127040,128,12005,0
1000000000,4096,54,256,15127,0
1000000000,4096,109,256,14391,0
1000000000,4096,218,256,13840,0
1000000000,4096,435,256,12890,0
1000000000,4096,870,256,12351,0
1000000000,4096,1740,256,12073,0
1000000000,4096,3480,256,12017,0
1000000000,4096,6960,256,11989,0
1000000000,4096,13920,256,11944,0
1000000000,4096,27840,256,11938,0
1000000000,4096,55680,256,11935,0
1000000000,4096,111360,256,11930,0
1000000000,4096,222720,256,11914,0
1000000000,4096,445440,256,11913,0
1000000000,4096,890880,256,11900,0
1000000000,4096,1781760,256,11869,0
1000000000,4096,3563520,256,11996,0
1000000000,4096,27,512,20940,1
1000000000,4096,54,512,11314,1
1000000000,4096,109,512,9021,1
1000000000,4096,218,512,9037,1
1000000000,4096,435,512,8233,1
1000000000,4096,870,512,7613,1
1000000000,4096,1740,512,7569,1
1000000000,4096,3480,512,7540,1
1000000000,4096,6960,512,7502,1
1000000000,4096,13920,512,7524,1
1000000000,4096,27840,512,7628,1
1000000000,4096,55680,512,7867,1
1000000000,4096,111360,512,8368,1
1000000000,4096,222720,512,9431,1
1000000000,4096,445440,512,11463,1
1000000000,4096,890880,512,15628,1
1000000000,4096,1781760,512,25540,1
1000000000,4096,14,1024,22641,1
1000000000,4096,27,1024,12026,1
1000000000,4096,54,1024,9240,1
1000000000,4096,109,1024,9170,1
1000000000,4096,218,1024,9164,1
1000000000,4096,435,1024,8118,1
1000000000,4096,870,1024,7647,1
1000000000,4096,1740,1024,7656,1
1000000000,4096,3480,1024,7660,1
1000000000,4096,6960,1024,7637,1
1000000000,4096,13920,1024,7707,1
1000000000,4096,27840,1024,7879,1
1000000000,4096,55680,1024,8230,1
1000000000,4096,111360,1024,8808,1
1000000000,4096,222720,1024,9935,1
1000000000,4096,445440,1024,12304,1
1000000000,4096,890880,1024,17907,1
2000000000,4096,218,64,28886,0
2000000000,4096,435,64,25123,0
2000000000,4096,870,64,25575,0
2000000000,4096,1740,64,24605,0
2000000000,4096,3480,64,23952,0
2000000000,4096,6960,64,23726,0
2000000000,4096,13920,64,23729,0
2000000000,4096,27840,64,23680,0
2000000000,4096,55680,64,23673,0
2000000000,4096,111360,64,23659,0
2000000000,4096,222720,64,23648,0
2000000000,4096,445440,64,23639,0
2000000000,4096,890880,64,23488,0
2000000000,4096,1781760,64,23457,0
2000000000,4096,3563520,64,23615,0
2000000000,4096,7127040,64,23597,0
2000000000,4096,14254080,64,23565,0
2000000000,4096,28508160,64,23672,0
2000000000,4096,109,128,31014,0
2000000000,4096,218,128,27116,0
2000000000,4096,435,128,25871,0
2000000000,4096,870,128,24758,0
2000000000,4096,1740,128,23988,0
2000000000,4096,3480,128,23957,0
2000000000,4096,6960,128,23802,0
2000000000,4096,13920,128,23681,0
2000000000,4096,27840,128,23664,0
2000000000,4096,55680,128,23648,0
2000000000,4096,111360,128,23637,0
2000000000,4096,222720,128,23626,0
2000000000,4096,445440,128,23612,0
2000000000,4096,890880,128,23601,0
2000000000,4096,1781760,128,23589,0
2000000000,4096,3563520,128,23577,0
2000000000,4096,7127040,128,23530,0
2000000000,4096,14254080,128,23798,0
2000000000,4096,54,256,30031,0
2000000000,4096,109,256,28566,0
2000000000,4096,218,256,27637,0
2000000000,4096,435,256,25793,0
2000000000,4096,870,256,24660,0
2000000000,4096,1740,256,24115,0
2000000000,4096,3480,256,24031,0
2000000000,4096,6960,256,23975,0
2000000000,4096,13920,256,23884,0
2000000000,4096,27840,256,23881,0
2000000000,4096,55680,256,23869,0
2000000000,4096,111360,256,23850,0
2000000000,4096,222720,256,23836,0
2000000000,4096,445440,256,23827,0
2000000000,4096,890880,256,23820,0
2000000000,4096,1781760,256,23830,0
2000000000,4096,3563520,256,23731,0
2000000000,4096,7127040,256,23901,0
2000000000,4096,27,512,41795,1
2000000000,4096,54,512,22624,1
2000000000,4096,109,512,18201,1
2000000000,4096,218,512,18034,1
2000000000,4096,435,512,16498,1
2000000000,4096,870,512,15306,1
2000000000,4096,1740,512,15125,1
2000000000,4096,3480,512,15073,1
2000000000,4096,6960,512,14943,1
2000000000,4096,13920,512,14928,1
2000000000,4096,27840,512,15021,1
2000000000,4096,55680,512,15229,1
2000000000,4096,111360,512,15717,1
2000000000,4096,222720,512,16820,1
2000000000,4096,445440,512,18896,1
2000000000,4096,890880,512,22939,1
2000000000,4096,1781760,512,31257,1
2000000000,4096,3563520,512,51084,1
2000000000,4096,14,1024,45094,1
2000000000,4096,27,1024,24080,1
2000000000,4096,54,1024,18455,1
2000000000,4096,109,1024,18416,1
2000000000,4096,218,1024,18464,1
2000000000,4096,435,1024,16307,1
2000000000,4096,870,1024,15323,1
2000000000,4096,1740,1024,15298,1
2000000000,4096,3480,1024,15266,1
2000000000,4096,6960,1024,15172,1
2000000000,4096,13920,1024,15223,1
2000000000,4096,27840,1024,15378,1
2000000000,4096,55680,1024,15729,1
2000000000,4096,111360,1024,16453,1
2000000000,4096,222720,1024,17623,1
2000000000,4096,445440,1024,19892,1
2000000000,4096,890880,1024,24625,1
2000000000,4096,1781760,1024,35931,1
1000000000,8192,218,64,14366,0
1000000000,8192,435,64,14389,0
1000000000,8192,870,64,14424,0
1000000000,8192,1740,64,14350,0
1000000000,8192,3480,64,13973,0
1000000000,8192,6960,64,13822,0
1000000000,8192,13920,64,13802,0
1000000000,8192,27840,64,13735,0
1000000000,8192,55680,64,13734,0
1000000000,8192,111360,64,13707,0
1000000000,8192,222720,64,13713,0
1000000000,8192,445440,64,13710,0
1000000000,8192,890880,64,13701,0
1000000000,8192,1781760,64,13714,0
1000000000,8192,3563520,64,13704,0
1000000000,8192,7127040,64,13727,0
1000000000,8192,14254080,64,13739,0
1000000000,8192,109,128,15316,0
1000000000,8192,218,128,15265,0
1000000000,8192,435,128,14678,0
1000000000,8192,870,128,14389,0
1000000000,8192,1740,128,13992,0
1000000000,8192,3480,128,13912,0
1000000000,8192,6960,128,13901,0
1000000000,8192,13920,128,13850,0
1000000000,8192,27840,128,13854,0
1000000000,8192,55680,128,13835,0
1000000000,8192,111360,128,13840,0
1000000000,8192,222720,128,13832,0
1000000000,8192,445440,128,13829,0
1000000000,8192,890880,128,13837,0
1000000000,8192,1781760,128,13823,0
1000000000,8192,3563520,128,13834,0
1000000000,8192,7127040,128,13727,0
1000000000,8192,54,256,14809,0
1000000000,8192,109,256,15927,0
1000000000,8192,218,256,15511,0
1000000000,8192,435,256,15038,0
1000000000,8192,870,256,14418,0
1000000000,8192,1740,256,14020,0
1000000000,8192,3480,256,13923,0
1000000000,8192,6960,256,13931,0
1000000000,8192,13920,256,13980,0
1000000000,8192,27840,256,13971,0
1000000000,8192,55680,256,13959,0
1000000000,8192,111360,256,13964,0
1000000000,8192,222720,256,13947,0
1000000000,8192,445440,256,13966,0
1000000000,8192,890880,256,13892,0
1000000000,8192,1781760,256,13872,0
1000000000,8192,3563520,256,13817,0
1000000000,8192,27,512,17565,0
1000000000,8192,54,512,15206,0
1000000000,8192,109,512,15896,0
1000000000,8192,218,512,14582,0
1000000000,8192,435,512,14733,0
1000000000,8192,870,512,14246,0
1000000000,8192,1740,512,14216,0
1000000000,8192,3480,512,14058,0
1000000000,8192,6960,512,13967,0
1000000000,8192,13920,512,13983,0
1000000000,8192,27840,512,13958,0
1000000000,8192,55680,512,13962,0
1000000000,8192,111360,512,13845,0
1000000000,8192,222720,512,13825,0
1000000000,8192,445440,512,13907,0
1000000000,8192,890880,512,13828,0
1000000000,8192,1781760,512,13759,0
1000000000,8192,14,1024,33841,0
1000000000,8192,27,1024,17538,0
1000000000,8192,54,1024,15262,0
1000000000,8192,109,1024,15674,0
1000000000,8192,218,1024,14540,0
1000000000,8192,435,1024,14865,0
1000000000,8192,870,1024,14281,0
1000000000,8192,1740,1024,14118,0
1000000000,8192,3480,1024,14036,0
1000000000,8192,6960,1024,13969,0
1000000000,8192,13920,1024,13974,0
1000000000,8192,27840,1024,13946,0
1000000000,8192,55680,1024,13870,0
1000000000,8192,111360,1024,13821,0
1000000000,8192,222720,1024,13831,0
1000000000,8192,445440,1024,13787,0
1000000000,8192,890880,1024,13777,0
2000000000,8192,218,64,28689,0
2000000000,8192,435,64,28834,0
2000000000,8192,870,64,29027,0
2000000000,8192,1740,64,28681,0
2000000000,8192,3480,64,27907,0
2000000000,8192,6960,64,27576,0
2000000000,8192,13920,64,27491,0
2000000000,8192,27840,64,27444,0
2000000000,8192,55680,64,27433,0
2000000000,8192,111360,64,27414,0
2000000000,8192,222720,64,27398,0
2000000000,8192,445440,64,27384,0
2000000000,8192,890880,64,27384,0
2000000000,8192,1781760,64,27393,0
2000000000,8192,3563520,64,27388,0
2000000000,8192,7127040,64,27384,0
2000000000,8192,14254080,64,27374,0
2000000000,8192,28508160,64,27339,0
2000000000,8192,109,128,30608,0
2000000000,8192,218,128,30494,0
2000000000,8192,435,128,29246,0
2000000000,8192,870,128,28809,0
2000000000,8192,1740,128,28165,0
2000000000,8192,3480,128,27854,0
2000000000,8192,6960,128,27703,0
2000000000,8192,13920,128,27691,0
2000000000,8192,27840,128,27679,0
2000000000,8192,55680,128,27649,0
2000000000,8192,111360,128,27636,0
2000000000,8192,222720,128,27631,0
2000000000,8192,445440,128,27635,0
2000000000,8192,890880,128,27640,0
2000000000,8192,1781760,128,27633,0
2000000000,8192,3563520,128,27629,0
2000000000,8192,7127040,128,27626,0
2000000000,8192,14254080,128,27505,0
2000000000,8192,54,256,29527,0
2000000000,8192,109,256,31717,0
2000000000,8192,218,256,30894,0
2000000000,8192,435,256,29970,0
2000000000,8192,870,256,28730,0
2000000000,8192,1740,256,28115,0
2000000000,8192,3480,256,27855,0
2000000000,8192,6960,256,27691,0
2000000000,8192,13920,256,27691,0
2000000000,8192,27840,256,27663,0
2000000000,8192,55680,256,27655,0
2000000000,8192,111360,256,27652,0
2000000000,8192,222720,256,27652,0
2000000000,8192,445440,256,27651,0
2000000000,8192,890880,256,27612,0
2000000000,8192,1781760,256,27755,0
2000000000,8192,3563520,256,27690,0
2000000000,8192,7127040,256,27626,0
2000000000,8192,27,512,35131,0
2000000000,8192,54,512,30499,0
2000000000,8192,109,512,31890,0
2000000000,8192,218,512,29377,0
2000000000,8192,435,512,29914,0
2000000000,8192,870,512,28515,0
2000000000,8192,1740,512,28400,0
2000000000,8192,3480,512,28089,0
2000000000,8192,6960,512,27930,0
2000000000,8192,13920,512,27939,0
2000000000,8192,27840,512,27910,0
2000000000,8192,55680,512,27899,0
2000000000,8192,111360,512,27902,0
2000000000,8192,222720,512,27900,0
2000000000,8192,445440,512,27896,0
2000000000,8192,890880,512,27895,0
2000000000,8192,1781760,512,27675,0
2000000000,8192,3563520,512,27591,0
2000000000,8192,14,1024,67614,0
2000000000,8192,27,1024,35346,0
2000000000,8192,54,1024,30786,0
2000000000,8192,109,1024,31578,0
2000000000,8192,218,1024,29681,0
2000000000,8192,435,1024,29939,0
2000000000,8192,870,1024,28612,0
2000000000,8192,1740,1024,28240,0
2000000000,8192,3480,1024,28087,0
2000000000,8192,6960,1024,27947,0
2000000000,8192,13920,1024,27939,0
2000000000,8192,27840,1024,27919,0
2000000000,8192,55680,1024,27911,0
2000000000,8192,111360,1024,27917,0
2000000000,8192,222720,1024,27907,0
2000000000,8192,445440,1024,27672,0
2000000000,8192,890880,1024,27762,0
2000000000,8192,1781760,1024,27750,0
1000000000,16384,218,64,14689,0
1000000000,16384,435,64,14730,0
1000000000,16384,870,64,14769,0
1000000000,16384,1740,64,14780,0
1000000000,16384,3480,64,14319,0
1000000000,16384,6960,64,14224,0
1000000000,16384,13920,64,14204,0
1000000000,16384,27840,64,14147,0
1000000000,16384,55680,64,14177,0
1000000000,16384,111360,64,14163,0
1000000000,16384,222720,64,14156,0
1000000000,16384,445440,64,14152,0
1000000000,16384,890880,64,14152,0
1000000000,16384,1781760,64,14152,0
1000000000,16384,3563520,64,14153,0
1000000000,16384,7127040,64,14148,0
1000000000,16384,14254080,64,14082,0
1000000000,16384,109,128,15236,0
1000000000,16384,218,128,15588,0
1000000000,16384,435,128,14905,0
1000000000,16384,870,128,14758,0
1000000000,16384,1740,128,14364,0
1000000000,16384,3480,128,14267,0
1000000000,16384,6960,128,14193,0
1000000000,16384,13920,128,14187,0
1000000000,16384,27840,128,14177,0
1000000000,16384,55680,128,14170,0
1000000000,16384,111360,128,14164,0
1000000000,16384,222720,128,14158,0
1000000000,16384,445440,128,14159,0
1000000000,16384,890880,128,14159,0
1000000000,16384,1781760,128,14158,0
1000000000,16384,3563520,128,14156,0
1000000000,16384,7127040,128,14100,0
1000000000,16384,54,256,14676,0
1000000000,16384,109,256,16062,0
1000000000,16384,218,256,15798,0
1000000000,16384,435,256,15259,0
1000000000,16384,870,256,14756,0
1000000000,16384,1740,256,14485,0
1000000000,16384,3480,256,14373,0
1000000000,16384,6960,256,14304,0
1000000000,16384,13920,256,14299,0
1000000000,16384,27840,256,14291,0
1000000000,16384,55680,256,14277,0
1000000000,16384,111360,256,14286,0
1000000000,16384,222720,256,14273,0
1000000000,16384,445440,256,14286,0
1000000000,16384,890880,256,14270,0
1000000000,16384,1781760,256,14190,0
1000000000,16384,3563520,256,14106,0
1000000000,16384,27,512,17615,0
1000000000,16384,54,512,15380,0
1000000000,16384,109,512,16100,0
1000000000,16384,218,512,14932,0
1000000000,16384,435,512,15106,0
1000000000,16384,870,512,14511,0
1000000000,16384,1740,512,14506,0
1000000000,16384,3480,512,14380,0
1000000000,16384,6960,512,14310,0
1000000000,16384,13920,512,14304,0
1000000000,16384,27840,512,14280,0
1000000000,16384,55680,512,14289,0
1000000000,16384,111360,512,14273,0
1000000000,16384,222720,512,14171,0
1000000000,16384,445440,512,14142,0
1000000000,16384,890880,512,14156,0
1000000000,16384,1781760,512,14060,0
1000000000,16384,14,1024,33770,0
1000000000,16384,27,1024,17581,0
1000000000,16384,54,1024,15376,0
1000000000,16384,109,1024,16021,0
1000000000,16384,218,1024,14972,0
1000000000,16384,435,1024,15106,0
1000000000,16384,870,1024,14635,0
1000000000,16384,1740,1024,14449,0
1000000000,16384,3480,1024,14356,0
1000000000,16384,6960,1024,14298,0
1000000000,16384,13920,1024,14298,0
1000000000,16384,27840,1024,14288,0
1000000000,16384,55680,1024,14282,0
1000000000,16384,111360,1024,14165,0
1000000000,16384,222720,1024,14149,0
1000000000,16384,445440,1024,14109,0
1000000000,16384,890880,1024,14072,0
2000000000,16384,218,64,29171,0
2000000000,16384,435,64,29567,0
2000000000,16384,870,64,29407,0
2000000000,16384,1740,64,29361,0
2000000000,16384,3480,64,28484,0
2000000000,16384,6960,64,28187,0
2000000000,16384,13920,64,28047,0
2000000000,16384,27840,64,28020,0
2000000000,16384,55680,64,28050,0
2000000000,16384,111360,64,28019,0
2000000000,16384,222720,64,28033,0
2000000000,16384,445440,64,27988,0
2000000000,16384,890880,64,28016,0
2000000000,16384,1781760,64,28005,0
2000000000,16384,3563520,64,28022,0
2000000000,16384,7127040,64,28015,0
2000000000,16384,14254080,64,28006,0
2000000000,16384,28508160,64,27964,0
2000000000,16384,109,128,30374,0
2000000000,16384,218,128,31167,0
2000000000,16384,435,128,29754,0
2000000000,16384,870,128,29567,0
2000000000,16384,1740,128,28649,0
2000000000,16384,3480,128,28291,0
2000000000,16384,6960,128,28291,0
2000000000,16384,13920,128,28204,0
2000000000,16384,27840,128,28268,0
2000000000,16384,55680,128,28218,0
2000000000,16384,111360,128,28160,0
2000000000,16384,222720,128,28186,0
2000000000,16384,445440,128,28146,0
2000000000,16384,890880,128,28176,0
2000000000,16384,1781760,128,28153,0
2000000000,16384,3563520,128,28138,0
2000000000,16384,7127040,128,28110,0
2000000000,16384,14254080,128,28053,0
2000000000,16384,54,256,29262,0
2000000000,16384,109,256,32017,0
2000000000,16384,218,256,31328,0
2000000000,16384,435,256,30661,0
2000000000,16384,870,256,29315,0
2000000000,16384,1740,256,28787,0
2000000000,16384,3480,256,28477,0
2000000000,16384,6960,256,28321,0
2000000000,16384,13920,256,28332,0
2000000000,16384,27840,256,28333,0
2000000000,16384,55680,256,28264,0
2000000000,16384,111360,256,28291,0
2000000000,16384,222720,256,28287,0
2000000000,16384,445440,256,28289,0
2000000000,16384,890880,256,28290,0
2000000000,16384,1781760,256,28285,0
2000000000,16384,3563520,256,28272,0
2000000000,16384,7127040,256,28223,0
2000000000,16384,27,512,34948,0
2000000000,16384,54,512,30758,0
2000000000,16384,109,512,32257,0
2000000000,16384,218,512,29719,0
2000000000,16384,435,512,30229,0
2000000000,16384,870,512,28952,0
2000000000,16384,1740,512,28875,0
2000000000,16384,3480,512,28685,0
2000000000,16384,6960,512,28595,0
2000000000,16384,13920,512,28590,0
2000000000,16384,27840,512,28567,0
2000000000,16384,55680,512,28568,0
2000000000,16384,111360,512,28320,0
2000000000,16384,222720,512,28349,0
2000000000,16384,445440,512,28295,0
2000000000,16384,890880,512,28352,0
2000000000,16384,1781760,512,28265,0
2000000000,16384,3563520,512,28137,0
2000000000,16384,14,1024,67421,0
2000000000,16384,27,1024,35247,0
2000000000,16384,54,1024,30708,0
2000000000,16384,109,1024,31939,0
2000000000,16384,218,1024,30278,0
2000000000,16384,435,1024,30136,0
2000000000,16384,870,1024,29180,0
2000000000,16384,1740,1024,28881,0
2000000000,16384,3480,1024,28678,0
2000000000,16384,6960,1024,28604,0
2000000000,16384,13920,1024,28593,0
2000000000,16384,27840,1024,28569,0
2000000000,16384,55680,1024,28560,0
2000000000,16384,111360,1024,28552,0
2000000000,16384,222720,1024,28551,0
2000000000,16384,445440,1024,28541,0
2000000000,16384,890880,1024,28394,0
2000000000,16384,1781760,1024,28339,0
1000000000,32768,218,64,14095,0
1000000000,32768,435,64,9922,0
1000000000,32768,870,64,10524,0
1000000000,32768,1740,64,10199,0
1000000000,32768,3480,64,9854,0
1000000000,32768,6960,64,9763,0
1000000000,32768,13920,64,9670,0
1000000000,32768,27840,64,9638,0
1000000000,32768,55680,64,9632,0
1000000000,32768,111360,64,9692,0
1000000000,32768,222720,64,9677,0
1000000000,32768,445440,64,9680,0
1000000000,32768,890880,64,9676,0
1000000000,32768,1781760,64,9662,0
1000000000,32768,3563520,64,9665,0
1000000000,32768,7127040,64,9655,0
1000000000,32768,14254080,64,10203,0
1000000000,32768,109,128,15158,0
1000000000,32768,218,128,10870,0
1000000000,32768,435,128,10727,0
1000000000,32768,870,128,9970,0
1000000000,32768,1740,128,9899,0
1000000000,32768,3480,128,9697,0
1000000000,32768,6960,128,9740,0
1000000000,32768,13920,128,9805,0
1000000000,32768,27840,128,9770,0
1000000000,32768,55680,128,9758,0
1000000000,32768,111360,128,9723,0
1000000000,32768,222720,128,9672,0
1000000000,32768,445440,128,9719,0
1000000000,32768,890880,128,9684,0
1000000000,32768,1781760,128,9643,0
1000000000,32768,3563520,128,9630,0
1000000000,32768,7127040,128,10181,0
1000000000,32768,54,256,14489,0
1000000000,32768,109,256,11399,0
1000000000,32768,218,256,11451,0
1000000000,32768,435,256,10406,0
1000000000,32768,870,256,9928,0
1000000000,32768,1740,256,9930,0
1000000000,32768,3480,256,9765,0
1000000000,32768,6960,256,9814,0
1000000000,32768,13920,256,9786,0
1000000000,32768,27840,256,9769,0
1000000000,32768,55680,256,9760,0
1000000000,32768,111360,256,9742,0
1000000000,32768,222720,256,9750,0
1000000000,32768,445440,256,9733,0
1000000000,32768,890880,256,9723,0
1000000000,32768,1781760,256,9728,0
1000000000,32768,3563520,256,10267,0
1000000000,32768,27,512,17719,0
1000000000,32768,54,512,11590,0
1000000000,32768,109,512,11672,0
1000000000,32768,218,512,11569,0
1000000000,32768,435,512,10448,0
1000000000,32768,870,512,9884,0
1000000000,32768,1740,512,9935,0
1000000000,32768,3480,512,9807,0
1000000000,32768,6960,512,9790,0
1000000000,32768,13920,512,9784,0
1000000000,32768,27840,512,9757,0
1000000000,32768,55680,512,9732,0
1000000000,32768,111360,512,9734,0
1000000000,32768,222720,512,9691,0
1000000000,32768,445440,512,9714,0
1000000000,32768,890880,512,9793,0
1000000000,32768,1781760,512,10372,0
1000000000,32768,14,1024,33804,0
1000000000,32768,27,1024,17466,0
1000000000,32768,54,1024,11641,0
1000000000,32768,109,1024,11796,0
1000000000,32768,218,1024,11624,0
1000000000,32768,435,1024,10510,0
1000000000,32768,870,1024,9981,0
1000000000,32768,1740,1024,10053,0
1000000000,32768,3480,1024,9857,0
1000000000,32768,6960,1024,9871,0
1000000000,32768,13920,1024,9855,0
1000000000,32768,27840,1024,9870,0
1000000000,32768,55680,1024,9879,0
1000000000,32768,111360,1024,9926,0
1000000000,32768,222720,1024,9994,0
1000000000,32768,445440,1024,10346,0
1000000000,32768,890880,1024,11107,0
2000000000,32768,218,64,27996,0
2000000000,32768,435,64,19771,0
2000000000,32768,870,64,21101,0
2000000000,32768,1740,64,20383,0
2000000000,32768,3480,64,19592,0
2000000000,32768,6960,64,19447,0
2000000000,32768,13920,64,19258,0
2000000000,32768,27840,64,19262,0
2000000000,32768,55680,64,19216,0
2000000000,32768,111360,64,19224,0
2000000000,32768,222720,64,19191,0
2000000000,32768,445440,64,19212,0
2000000000,32768,890880,64,19179,0
2000000000,32768,1781760,64,19175,0
2000000000,32768,3563520,64,19158,0
2000000000,32768,7127040,64,19141,0
2000000000,32768,14254080,64,19101,0
2000000000,32768,28508160,64,20195,0
2000000000,32768,109,128,30145,0
2000000000,32768,218,128,21690,0
2000000000,32768,435,128,21403,0
2000000000,32768,870,128,19846,0
2000000000,32768,1740,128,19727,0
2000000000,32768,3480,128,19488,0
2000000000,32768,6960,128,19390,0
2000000000,32768,13920,128,19410,0
2000000000,32768,27840,128,19360,0
2000000000,32768,55680,128,19345,0
2000000000,32768,111360,128,19334,0
2000000000,32768,222720,128,19315,0
2000000000,32768,445440,128,19303,0
2000000000,32768,890880,128,19273,0
2000000000,32768,1781760,128,19248,0
2000000000,32768,3563520,128,19236,0
2000000000,32768,7127040,128,19169,0
2000000000,32768,14254080,128,20246,0
2000000000,32768,54,256,28846,0
2000000000,32768,109,256,23083,0
2000000000,32768,218,256,22958,0
2000000000,32768,435,256,20680,0
2000000000,32768,870,256,19768,0
2000000000,32768,1740,256,19825,0
2000000000,32768,3480,256,19448,0
2000000000,32768,6960,256,19424,0
2000000000,32768,13920,256,19378,0
2000000000,32768,27840,256,19353,0
2000000000,32768,55680,256,19331,0
2000000000,32768,111360,256,19315,0
2000000000,32768,222720,256,19298,0
2000000000,32768,445440,256,19292,0
2000000000,32768,890880,256,19287,0
2000000000,32768,1781760,256,19255,0
2000000000,32768,3563520,256,19254,0
2000000000,32768,7127040,256,20355,0
2000000000,32768,27,512,35043,0
2000000000,32768,54,512,23119,0
2000000000,32768,109,512,23307,0
2000000000,32768,218,512,23031,0
2000000000,32768,435,512,20980,0
2000000000,32768,870,512,19759,0
2000000000,32768,1740,512,19787,0
2000000000,32768,3480,512,19419,0
2000000000,32768,6960,512,19403,0
2000000000,32768,13920,512,19362,0
2000000000,32768,27840,512,19332,0
2000000000,32768,55680,512,19275,0
2000000000,32768,111360,512,19276,0
2000000000,32768,222720,512,19261,0
2000000000,32768,445440,512,19244,0
2000000000,32768,890880,512,19231,0
2000000000,32768,1781760,512,19403,0
2000000000,32768,3563520,512,20545,0
2000000000,32768,14,1024,67381,0
2000000000,32768,27,1024,34904,0
2000000000,32768,54,1024,23278,0
2000000000,32768,109,1024,23522,0
2000000000,32768,218,1024,23302,0
2000000000,32768,435,1024,21148,0
2000000000,32768,870,1024,20017,0
2000000000,32768,1740,1024,20083,0
2000000000,32768,3480,1024,19708,0
2000000000,32768,6960,1024,19698,0
2000000000,32768,13920,1024,19693,0
2000000000,32768,27840,1024,19640,0
2000000000,32768,55680,1024,19701,0
2000000000,32768,111360,1024,19668,0
2000000000,32768,222720,1024,19606,0
2000000000,32768,445440,1024,19905,0
2000000000,32768,890880,1024,20692,0
2000000000,32768,1781760,1024,22176,0
